any_sample_inside_raw,direction_as_events_csv,direction_endpoint_rule,displacement_px,end_in_valid_dilated,end_in_valid_raw,final_gate_fail_reason,frame_end,frame_span,frame_start,internal_gap_frames,is_exit_as_events_csv,not_exit_reason_primary,num_detections,overlay_category,passed_post_filter_pre_merge,path_length_px,relaxed_exit_outward,start_in_valid_dilated,start_in_valid_raw,track_id,x_end,x_start,y_end,y_start
False,outside,outside,0.0,False,False,min_track_length,2,1,2,0,False,strict_endpoints_both_outside_never_inside_mask,1,no_exit_length_or_shape,False,0.0,False,False,False,1,937.0,937.0,617.5,617.5
False,outside,outside,0.0,True,False,min_track_length,30,1,30,0,False,strict_endpoints_both_outside_never_inside_mask,1,no_exit_length_or_shape,False,0.0,False,True,False,2,441.0,441.0,745.0,745.0
False,outside,outside,0.0,False,False,min_track_length,48,1,48,0,False,strict_endpoints_both_outside_never_inside_mask,1,no_exit_length_or_shape,False,0.0,False,False,False,3,345.5,345.5,290.0,290.0
False,outside,outside,0.0,False,False,min_track_length,67,1,67,0,False,strict_endpoints_both_outside_never_inside_mask,1,no_exit_length_or_shape,False,0.0,False,False,False,4,363.5,363.5,758.5,758.5
False,outside,outside,0.0,False,False,min_track_length,67,1,67,0,False,strict_endpoints_both_outside_never_inside_mask,1,no_exit_length_or_shape,False,0.0,False,False,False,5,521.5,521.5,585.5,585.5
False,outside,outside,175.67,False,False,,122,8,115,0,False,strict_endpoints_both_outside_never_inside_mask,8,no_exit_geometry_outside,True,187.12,False,True,False,6,974.0,807.0,601.5,656.0
False,outside,outside,562.8,False,False,require_start_or_end_in_valid_region,125,7,119,1,False,strict_endpoints_both_outside_never_inside_mask,6,no_exit_gate_final,False,594.85,False,False,False,7,1022.0,835.5,92.5,623.5
False,outside,outside,0.0,False,False,min_track_length,121,1,121,0,False,strict_endpoints_both_outside_never_inside_mask,1,no_exit_length_or_shape,False,0.0,False,False,False,8,941.5,941.5,618.5,618.5
False,outside,outside,11.01,False,False,min_track_length,122,2,121,0,False,strict_endpoints_both_outside_never_inside_mask,2,no_exit_length_or_shape,False,11.01,False,False,False,9,1001.0,990.0,601.5,602.0
False,outside,outside,607.73,False,False,require_start_or_end_in_valid_region,126,6,121,0,False,strict_endpoints_both_outside_never_inside_mask,6,no_exit_gate_final,False,619.46,False,False,False,10,1184.0,951.5,40.0,601.5
False,outside,outside,0.0,False,False,min_track_length,123,1,123,0,False,strict_endpoints_both_outside_never_inside_mask,1,no_exit_length_or_shape,False,0.0,False,False,False,11,990.5,990.5,380.0,380.0
False,outside,outside,0.0,False,False,min_track_length,124,1,124,0,False,strict_endpoints_both_outside_never_inside_mask,1,no_exit_length_or_shape,False,0.0,False,False,False,12,1149.5,1149.5,347.0,347.0
False,outside,outside,0.0,False,False,min_track_length,124,1,124,0,False,strict_endpoints_both_outside_never_inside_mask,1,no_exit_length_or_shape,False,0.0,False,False,False,13,1172.0,1172.0,337.0,337.0
False,outside,outside,0.0,False,False,min_track_length,125,1,125,0,False,strict_endpoints_both_outside_never_inside_mask,1,no_exit_length_or_shape,False,0.0,False,False,False,14,1159.5,1159.5,170.0,170.0
False,outside,outside,0.0,False,False,min_track_length,125,1,125,0,False,strict_endpoints_both_outside_never_inside_mask,1,no_exit_length_or_shape,False,0.0,False,False,False,15,1142.0,1142.0,131.5,131.5
False,outside,outside,0.0,False,False,min_track_length,125,1,125,0,False,strict_endpoints_both_outside_never_inside_mask,1,no_exit_length_or_shape,False,0.0,False,False,False,16,1028.5,1028.5,80.5,80.5
False,outside,outside,0.0,False,False,min_track_length,125,1,125,0,False,strict_endpoints_both_outside_never_inside_mask,1,no_exit_length_or_shape,False,0.0,False,False,False,17,1037.5,1037.5,67.5,67.5
False,outside,outside,0.0,False,False,min_track_length,168,1,168,0,False,strict_endpoints_both_outside_never_inside_mask,1,no_exit_length_or_shape,False,0.0,False,False,False,18,1381.5,1381.5,580.5,580.5
False,outside,outside,0.0,False,False,min_track_length,180,1,180,0,False,strict_endpoints_both_outside_never_inside_mask,1,no_exit_length_or_shape,False,0.0,False,False,False,19,104.0,104.0,405.0,405.0
False,outside,outside,0.0,False,False,min_track_length,180,1,180,0,False,strict_endpoints_both_outside_never_inside_mask,1,no_exit_length_or_shape,False,0.0,False,False,False,20,103.0,103.0,377.0,377.0
False,outside,outside,0.0,True,False,min_track_length,223,1,223,0,False,strict_endpoints_both_outside_never_inside_mask,1,no_exit_length_or_shape,False,0.0,False,True,False,21,402.5,402.5,739.5,739.5
False,outside,outside,0.0,False,False,min_track_length,319,1,319,0,False,strict_endpoints_both_outside_never_inside_mask,1,no_exit_length_or_shape,False,0.0,False,False,False,22,349.0,349.0,147.0,147.0
False,outside,outside,95.84,False,False,min_track_length,354,7,348,5,False,strict_endpoints_both_outside_never_inside_mask,2,no_exit_length_or_shape,False,95.84,False,False,False,23,1100.5,1195.0,124.0,140.0
False,outside,outside,0.0,False,False,min_track_length,408,1,408,0,False,strict_endpoints_both_outside_never_inside_mask,1,no_exit_length_or_shape,False,0.0,False,False,False,24,374.5,374.5,762.0,762.0
False,outside,outside,0.0,False,False,min_track_length,511,1,511,0,False,strict_endpoints_both_outside_never_inside_mask,1,no_exit_length_or_shape,False,0.0,False,False,False,25,12.0,12.0,501.0,501.0
False,outside,outside,0.0,False,False,min_track_length,511,1,511,0,False,strict_endpoints_both_outside_never_inside_mask,1,no_exit_length_or_shape,False,0.0,False,False,False,26,6.0,6.0,485.5,485.5
False,outside,outside,0.0,False,False,min_track_length,512,1,512,0,False,strict_endpoints_both_outside_never_inside_mask,1,no_exit_length_or_shape,False,0.0,False,False,False,27,96.5,96.5,229.5,229.5
False,outside,outside,0.0,False,False,min_track_length,512,1,512,0,False,strict_endpoints_both_outside_never_inside_mask,1,no_exit_length_or_shape,False,0.0,False,False,False,28,124.0,124.0,171.5,171.5
False,outside,outside,0.0,False,False,min_track_length,545,1,545,0,False,strict_endpoints_both_outside_never_inside_mask,1,no_exit_length_or_shape,False,0.0,False,False,False,29,1190.0,1190.0,630.0,630.0
False,outside,outside,0.0,False,False,min_track_length,573,1,573,0,False,strict_endpoints_both_outside_never_inside_mask,1,no_exit_length_or_shape,False,0.0,False,False,False,30,393.0,393.0,92.0,92.0
False,outside,outside,0.0,False,False,min_track_length,590,1,590,0,False,strict_endpoints_both_outside_never_inside_mask,1,no_exit_length_or_shape,False,0.0,False,False,False,31,361.5,361.5,757.0,757.0
False,outside,outside,94.63,False,False,min_track_length,702,10,693,8,False,strict_endpoints_both_outside_never_inside_mask,2,no_exit_length_or_shape,False,94.63,False,False,False,32,328.0,421.0,590.0,572.5
False,outside,outside,0.0,False,False,min_track_length,697,1,697,0,False,strict_endpoints_both_outside_never_inside_mask,1,no_exit_length_or_shape,False,0.0,False,False,False,33,1051.5,1051.5,133.5,133.5
False,outside,outside,0.0,False,False,min_track_length,702,1,702,0,False,strict_endpoints_both_outside_never_inside_mask,1,no_exit_length_or_shape,False,0.0,False,False,False,34,288.0,288.0,659.5,659.5
False,outside,outside,0.0,False,False,min_track_length,729,1,729,0,False,strict_endpoints_both_outside_never_inside_mask,1,no_exit_length_or_shape,False,0.0,False,False,False,35,374.0,374.0,762.5,762.5
False,outside,outside,0.0,False,False,min_track_length,847,1,847,0,False,strict_endpoints_both_outside_never_inside_mask,1,no_exit_length_or_shape,False,0.0,False,False,False,36,354.0,354.0,754.0,754.0
False,outside,outside,0.0,False,False,min_track_length,849,1,849,0,False,strict_endpoints_both_outside_never_inside_mask,1,no_exit_length_or_shape,False,0.0,False,False,False,37,414.0,414.0,471.0,471.0
False,outside,outside,0.0,True,False,min_track_length,865,1,865,0,False,strict_endpoints_both_outside_never_inside_mask,1,no_exit_length_or_shape,False,0.0,False,True,False,38,483.5,483.5,763.5,763.5
False,outside,outside,0.0,True,False,min_track_length,925,1,925,0,False,strict_endpoints_both_outside_never_inside_mask,1,no_exit_length_or_shape,False,0.0,False,True,False,39,511.5,511.5,764.0,764.0
False,outside,outside,0.0,False,False,min_track_length,958,1,958,0,False,strict_endpoints_both_outside_never_inside_mask,1,no_exit_length_or_shape,False,0.0,False,False,False,40,1414.5,1414.5,758.5,758.5
False,outside,outside,0.0,False,False,min_track_length,972,1,972,0,False,strict_endpoints_both_outside_never_inside_mask,1,no_exit_length_or_shape,False,0.0,False,False,False,41,394.5,394.5,772.0,772.0
False,outside,outside,0.0,False,False,min_track_length,1001,1,1001,0,False,strict_endpoints_both_outside_never_inside_mask,1,no_exit_length_or_shape,False,0.0,False,False,False,42,373.5,373.5,761.5,761.5
False,outside,outside,0.0,False,False,min_track_length,1037,1,1037,0,False,strict_endpoints_both_outside_never_inside_mask,1,no_exit_length_or_shape,False,0.0,False,False,False,43,342.5,342.5,756.0,756.0
False,outside,outside,0.0,True,False,min_track_length,1063,1,1063,0,False,strict_endpoints_both_outside_never_inside_mask,1,no_exit_length_or_shape,False,0.0,False,True,False,44,357.0,357.0,690.0,690.0
False,outside,outside,0.0,False,False,min_track_length,1123,1,1123,0,False,strict_endpoints_both_outside_never_inside_mask,1,no_exit_length_or_shape,False,0.0,False,False,False,45,1243.5,1243.5,584.0,584.0
False,outside,outside,0.0,False,False,min_track_length,1132,1,1132,0,False,strict_endpoints_both_outside_never_inside_mask,1,no_exit_length_or_shape,False,0.0,False,False,False,46,408.5,408.5,473.0,473.0
False,outside,outside,0.0,True,False,min_track_length,1141,1,1141,0,False,strict_endpoints_both_outside_never_inside_mask,1,no_exit_length_or_shape,False,0.0,False,True,False,47,447.5,447.5,762.0,762.0
False,outside,outside,0.0,False,False,min_track_length,1147,1,1147,0,False,strict_endpoints_both_outside_never_inside_mask,1,no_exit_length_or_shape,False,0.0,False,False,False,48,1337.0,1337.0,699.0,699.0
False,outside,outside,0.0,False,False,min_track_length,1178,1,1178,0,False,strict_endpoints_both_outside_never_inside_mask,1,no_exit_length_or_shape,False,0.0,False,False,False,49,1085.0,1085.0,748.0,748.0
False,outside,outside,0.0,False,False,min_track_length,1288,1,1288,0,False,strict_endpoints_both_outside_never_inside_mask,1,no_exit_length_or_shape,False,0.0,False,False,False,50,1249.5,1249.5,571.5,571.5
False,outside,outside,45.47,False,False,min_track_length,1375,13,1363,11,False,strict_endpoints_both_outside_never_inside_mask,2,no_exit_length_or_shape,False,45.47,False,False,False,51,947.0,902.0,623.0,616.5
False,outside,outside,0.0,True,False,min_track_length,1375,1,1375,0,False,strict_endpoints_both_outside_never_inside_mask,1,no_exit_length_or_shape,False,0.0,False,True,False,52,446.0,446.0,761.5,761.5
False,outside,outside,0.0,False,False,min_track_length,1399,1,1399,0,False,strict_endpoints_both_outside_never_inside_mask,1,no_exit_length_or_shape,False,0.0,False,False,False,53,393.5,393.5,90.0,90.0
False,outside,outside,0.0,False,False,min_track_length,1438,1,1438,0,False,strict_endpoints_both_outside_never_inside_mask,1,no_exit_length_or_shape,False,0.0,False,False,False,54,341.5,341.5,506.0,506.0
True,inside,inside,0.0,True,True,min_track_length,1576,1,1576,0,False,strict_endpoints_both_inside,1,no_exit_length_or_shape,False,0.0,False,True,True,55,378.5,378.5,692.0,692.0
False,outside,outside,0.0,False,False,min_track_length,1587,1,1587,0,False,strict_endpoints_both_outside_never_inside_mask,1,no_exit_length_or_shape,False,0.0,False,False,False,56,212.0,212.0,741.5,741.5
False,outside,outside,0.0,False,False,min_track_length,1642,1,1642,0,False,strict_endpoints_both_outside_never_inside_mask,1,no_exit_length_or_shape,False,0.0,False,False,False,57,409.5,409.5,486.0,486.0
False,outside,outside,0.0,False,False,min_track_length,1651,1,1651,0,False,strict_endpoints_both_outside_never_inside_mask,1,no_exit_length_or_shape,False,0.0,False,False,False,58,1420.5,1420.5,311.5,311.5
False,outside,outside,0.0,False,False,min_track_length,1659,1,1659,0,False,strict_endpoints_both_outside_never_inside_mask,1,no_exit_length_or_shape,False,0.0,False,False,False,59,410.0,410.0,471.5,471.5
False,outside,outside,0.0,False,False,min_track_length,1705,1,1705,0,False,strict_endpoints_both_outside_never_inside_mask,1,no_exit_length_or_shape,False,0.0,False,False,False,60,570.5,570.5,580.5,580.5
False,outside,outside,0.0,False,False,min_track_length,1749,1,1749,0,False,strict_endpoints_both_outside_never_inside_mask,1,no_exit_length_or_shape,False,0.0,False,False,False,61,509.0,509.0,574.0,574.0
False,outside,outside,0.0,False,False,min_track_length,1828,1,1828,0,False,strict_endpoints_both_outside_never_inside_mask,1,no_exit_length_or_shape,False,0.0,False,False,False,62,339.5,339.5,505.5,505.5
False,outside,outside,33.31,False,False,min_track_length,1878,4,1875,1,False,strict_endpoints_both_outside_never_inside_mask,3,no_exit_length_or_shape,False,33.31,False,False,False,63,1198.5,1231.5,9.0,4.5
False,outside,outside,21.21,False,False,min_track_length,1879,4,1876,1,False,strict_endpoints_both_outside_never_inside_mask,3,no_exit_length_or_shape,False,22.85,False,False,False,64,1171.5,1192.5,12.0,9.0
False,outside,outside,108.63,False,False,require_start_or_end_in_valid_region,1902,7,1896,1,False,strict_endpoints_both_outside_never_inside_mask,6,no_exit_gate_final,False,109.49,False,False,False,65,1448.0,1549.0,597.0,637.0
False,outside,outside,0.0,False,False,min_track_length,1900,1,1900,0,False,strict_endpoints_both_outside_never_inside_mask,1,no_exit_length_or_shape,False,0.0,False,False,False,66,230.0,230.0,56.0,56.0
False,outside,outside,0.0,False,False,min_track_length,1902,1,1902,0,False,strict_endpoints_both_outside_never_inside_mask,1,no_exit_length_or_shape,False,0.0,False,False,False,67,782.5,782.5,552.5,552.5
False,outside,outside,314.54,False,False,require_start_or_end_in_valid_region,1920,12,1909,1,False,strict_endpoints_both_outside_never_inside_mask,11,no_exit_gate_final,False,322.27,False,False,False,68,993.5,1279.0,762.5,630.5
False,outside,outside,0.0,False,False,min_track_length,1912,1,1912,0,False,strict_endpoints_both_outside_never_inside_mask,1,no_exit_length_or_shape,False,0.0,False,False,False,69,401.0,401.0,476.5,476.5
False,outside,outside,0.0,False,False,min_track_length,1916,1,1916,0,False,strict_endpoints_both_outside_never_inside_mask,1,no_exit_length_or_shape,False,0.0,False,False,False,70,1140.0,1140.0,716.0,716.0
False,outside,outside,98.64,False,False,min_track_length,1941,11,1931,9,False,strict_endpoints_both_outside_never_inside_mask,2,no_exit_length_or_shape,False,98.64,False,False,False,71,1191.5,1272.0,630.5,573.5
False,outside,outside,0.0,False,False,min_track_length,1972,1,1972,0,False,strict_endpoints_both_outside_never_inside_mask,1,no_exit_length_or_shape,False,0.0,False,False,False,72,1163.0,1163.0,34.0,34.0
False,outside,outside,0.0,False,False,min_track_length,1988,1,1988,0,False,strict_endpoints_both_outside_never_inside_mask,1,no_exit_length_or_shape,False,0.0,False,False,False,73,951.0,951.0,612.5,612.5
False,outside,outside,0.0,False,False,min_track_length,1990,1,1990,0,False,strict_endpoints_both_outside_never_inside_mask,1,no_exit_length_or_shape,False,0.0,False,False,False,74,807.0,807.0,538.5,538.5
False,outside,outside,0.0,False,False,min_track_length,2018,1,2018,0,False,strict_endpoints_both_outside_never_inside_mask,1,no_exit_length_or_shape,False,0.0,False,False,False,75,458.0,458.0,585.5,585.5
False,outside,outside,0.0,False,False,min_track_length,2018,1,2018,0,False,strict_endpoints_both_outside_never_inside_mask,1,no_exit_length_or_shape,False,0.0,False,False,False,76,1485.5,1485.5,181.5,181.5
False,outside,outside,0.0,True,False,min_track_length,2061,1,2061,0,False,strict_endpoints_both_outside_never_inside_mask,1,no_exit_length_or_shape,False,0.0,False,True,False,77,497.5,497.5,765.5,765.5
False,outside,outside,0.0,False,False,min_track_length,2061,1,2061,0,False,strict_endpoints_both_outside_never_inside_mask,1,no_exit_length_or_shape,False,0.0,False,False,False,78,967.0,967.0,723.0,723.0
False,outside,outside,0.0,False,False,min_track_length,2065,1,2065,0,False,strict_endpoints_both_outside_never_inside_mask,1,no_exit_length_or_shape,False,0.0,False,False,False,79,1429.5,1429.5,588.0,588.0
False,outside,outside,0.0,False,False,min_track_length,2089,1,2089,0,False,strict_endpoints_both_outside_never_inside_mask,1,no_exit_length_or_shape,False,0.0,False,False,False,80,1485.0,1485.0,653.0,653.0
False,outside,outside,0.0,False,False,min_track_length,2146,1,2146,0,False,strict_endpoints_both_outside_never_inside_mask,1,no_exit_length_or_shape,False,0.0,False,False,False,81,509.0,509.0,573.0,573.0
False,outside,outside,0.0,False,False,min_track_length,2212,1,2212,0,False,strict_endpoints_both_outside_never_inside_mask,1,no_exit_length_or_shape,False,0.0,False,False,False,82,341.0,341.0,36.5,36.5
False,outside,outside,0.0,False,False,min_track_length,2227,1,2227,0,False,strict_endpoints_both_outside_never_inside_mask,1,no_exit_length_or_shape,False,0.0,False,False,False,83,1240.5,1240.5,582.0,582.0
True,inside,inside,0.0,True,True,min_track_length,2280,1,2280,0,False,strict_endpoints_both_inside,1,no_exit_length_or_shape,False,0.0,False,True,True,84,478.0,478.0,724.5,724.5
False,outside,outside,0.0,False,False,min_track_length,2287,1,2287,0,False,strict_endpoints_both_outside_never_inside_mask,1,no_exit_length_or_shape,False,0.0,False,False,False,85,284.0,284.0,436.0,436.0
False,outside,outside,0.0,False,False,min_track_length,2435,1,2435,0,False,strict_endpoints_both_outside_never_inside_mask,1,no_exit_length_or_shape,False,0.0,False,False,False,86,460.0,460.0,584.0,584.0
False,outside,outside,0.0,False,False,min_track_length,2441,1,2441,0,False,strict_endpoints_both_outside_never_inside_mask,1,no_exit_length_or_shape,False,0.0,False,False,False,87,893.5,893.5,538.5,538.5
False,outside,outside,0.0,False,False,min_track_length,2466,1,2466,0,False,strict_endpoints_both_outside_never_inside_mask,1,no_exit_length_or_shape,False,0.0,False,False,False,88,1006.0,1006.0,715.0,715.0
False,outside,outside,0.0,False,False,min_track_length,2484,1,2484,0,False,strict_endpoints_both_outside_never_inside_mask,1,no_exit_length_or_shape,False,0.0,False,False,False,89,570.0,570.0,581.0,581.0
False,outside,outside,0.0,False,False,min_track_length,2540,1,2540,0,False,strict_endpoints_both_outside_never_inside_mask,1,no_exit_length_or_shape,False,0.0,False,False,False,90,491.5,491.5,3.5,3.5
False,outside,outside,0.0,False,False,min_track_length,2572,1,2572,0,False,strict_endpoints_both_outside_never_inside_mask,1,no_exit_length_or_shape,False,0.0,False,False,False,91,409.5,409.5,574.0,574.0
False,outside,outside,0.0,False,False,min_track_length,2643,1,2643,0,False,strict_endpoints_both_outside_never_inside_mask,1,no_exit_length_or_shape,False,0.0,False,False,False,92,340.5,340.5,594.5,594.5
False,outside,outside,594.61,False,False,require_start_or_end_in_valid_region,2679,9,2671,0,False,strict_endpoints_both_outside_never_inside_mask,9,no_exit_gate_final,False,640.67,False,False,False,93,1173.5,829.5,138.5,623.5
False,outside,outside,0.0,False,False,min_track_length,2674,1,2674,0,False,strict_endpoints_both_outside_never_inside_mask,1,no_exit_length_or_shape,False,0.0,False,False,False,94,895.0,895.0,544.0,544.0
False,outside,outside,605.44,False,False,require_start_or_end_in_valid_region,2680,7,2674,1,False,strict_endpoints_both_outside_never_inside_mask,6,no_exit_gate_final,False,620.19,False,False,False,95,1245.0,940.0,15.5,538.5
False,outside,outside,42.24,False,False,min_track_length,2676,3,2674,0,False,strict_endpoints_both_outside_never_inside_mask,3,no_exit_length_or_shape,False,44.74,False,False,False,96,940.5,952.5,468.5,509.0
False,outside,outside,241.79,False,False,min_track_length,2679,3,2677,0,False,strict_endpoints_both_outside_never_inside_mask,3,no_exit_length_or_shape,False,241.89,False,False,False,97,1132.5,1052.0,94.0,322.0
False,outside,outside,0.0,False,False,min_track_length,2678,1,2678,0,False,strict_endpoints_both_outside_never_inside_mask,1,no_exit_length_or_shape,False,0.0,False,False,False,98,1127.0,1127.0,206.5,206.5
False,outside,outside,0.0,False,False,min_track_length,2678,1,2678,0,False,strict_endpoints_both_outside_never_inside_mask,1,no_exit_length_or_shape,False,0.0,False,False,False,99,1140.5,1140.5,193.5,193.5
False,outside,outside,0.0,False,False,min_track_length,2678,1,2678,0,False,strict_endpoints_both_outside_never_inside_mask,1,no_exit_length_or_shape,False,0.0,False,False,False,100,1017.0,1017.0,173.0,173.0
False,outside,outside,0.0,False,False,min_track_length,2679,1,2679,0,False,strict_endpoints_both_outside_never_inside_mask,1,no_exit_length_or_shape,False,0.0,False,False,False,101,520.5,520.5,586.0,586.0
False,outside,outside,0.0,False,False,min_track_length,2679,1,2679,0,False,strict_endpoints_both_outside_never_inside_mask,1,no_exit_length_or_shape,False,0.0,False,False,False,102,1066.0,1066.0,37.5,37.5
False,outside,outside,0.0,False,False,min_track_length,2679,1,2679,0,False,strict_endpoints_both_outside_never_inside_mask,1,no_exit_length_or_shape,False,0.0,False,False,False,103,1067.0,1067.0,20.0,20.0
False,outside,outside,0.0,False,False,min_track_length,2745,1,2745,0,False,strict_endpoints_both_outside_never_inside_mask,1,no_exit_length_or_shape,False,0.0,False,False,False,104,925.0,925.0,650.5,650.5
False,outside,outside,0.0,False,False,min_track_length,2759,1,2759,0,False,strict_endpoints_both_outside_never_inside_mask,1,no_exit_length_or_shape,False,0.0,False,False,False,105,931.5,931.5,298.5,298.5
False,outside,outside,0.0,False,False,min_track_length,2809,1,2809,0,False,strict_endpoints_both_outside_never_inside_mask,1,no_exit_length_or_shape,False,0.0,False,False,False,106,361.0,361.0,757.0,757.0
False,outside,outside,0.0,False,False,min_track_length,2829,1,2829,0,False,strict_endpoints_both_outside_never_inside_mask,1,no_exit_length_or_shape,False,0.0,False,False,False,107,553.5,553.5,570.5,570.5
False,outside,outside,0.0,False,False,min_track_length,2964,1,2964,0,False,strict_endpoints_both_outside_never_inside_mask,1,no_exit_length_or_shape,False,0.0,False,False,False,108,393.5,393.5,87.5,87.5
False,outside,outside,0.0,False,False,min_track_length,2985,1,2985,0,False,strict_endpoints_both_outside_never_inside_mask,1,no_exit_length_or_shape,False,0.0,False,False,False,109,408.0,408.0,474.0,474.0
False,outside,outside,0.0,False,False,min_track_length,3049,1,3049,0,False,strict_endpoints_both_outside_never_inside_mask,1,no_exit_length_or_shape,False,0.0,False,False,False,110,406.5,406.5,557.0,557.0
False,outside,outside,0.0,False,False,min_track_length,3082,1,3082,0,False,strict_endpoints_both_outside_never_inside_mask,1,no_exit_length_or_shape,False,0.0,False,False,False,111,828.5,828.5,542.0,542.0
False,outside,outside,0.0,False,False,min_track_length,3085,1,3085,0,False,strict_endpoints_both_outside_never_inside_mask,1,no_exit_length_or_shape,False,0.0,False,False,False,112,550.0,550.0,566.0,566.0
False,outside,outside,0.0,False,False,min_track_length,3085,1,3085,0,False,strict_endpoints_both_outside_never_inside_mask,1,no_exit_length_or_shape,False,0.0,False,False,False,113,984.5,984.5,253.5,253.5
False,outside,outside,0.0,False,False,min_track_length,3121,1,3121,0,False,strict_endpoints_both_outside_never_inside_mask,1,no_exit_length_or_shape,False,0.0,False,False,False,114,409.5,409.5,472.5,472.5
False,outside,outside,0.0,True,False,min_track_length,3126,1,3126,0,False,strict_endpoints_both_outside_never_inside_mask,1,no_exit_length_or_shape,False,0.0,False,True,False,115,702.0,702.0,574.0,574.0
False,outside,outside,0.0,False,False,min_track_length,3142,1,3142,0,False,strict_endpoints_both_outside_never_inside_mask,1,no_exit_length_or_shape,False,0.0,False,False,False,116,742.5,742.5,508.0,508.0
False,outside,outside,0.0,True,False,min_track_length,3201,1,3201,0,False,strict_endpoints_both_outside_never_inside_mask,1,no_exit_length_or_shape,False,0.0,False,True,False,117,677.5,677.5,584.0,584.0
False,outside,outside,0.0,False,False,min_track_length,3262,1,3262,0,False,strict_endpoints_both_outside_never_inside_mask,1,no_exit_length_or_shape,False,0.0,False,False,False,118,845.5,845.5,534.5,534.5
False,outside,outside,0.0,False,False,min_track_length,3291,1,3291,0,False,strict_endpoints_both_outside_never_inside_mask,1,no_exit_length_or_shape,False,0.0,False,False,False,119,290.5,290.5,589.5,589.5
False,outside,outside,82.76,False,False,min_track_length,3325,3,3323,0,False,strict_endpoints_both_outside_never_inside_mask,3,no_exit_length_or_shape,False,88.77,False,False,False,120,1263.5,1336.5,130.0,91.0
False,outside,outside,103.26,False,False,min_track_length,3325,3,3323,1,False,strict_endpoints_both_outside_never_inside_mask,2,no_exit_length_or_shape,False,103.26,False,False,False,121,1272.5,1347.0,118.5,47.0
False,outside,outside,97.05,False,False,min_track_length,3326,3,3324,0,False,strict_endpoints_both_outside_never_inside_mask,3,no_exit_length_or_shape,False,97.24,False,False,False,122,1089.0,1176.0,64.0,21.0
False,outside,outside,596.6,False,False,require_start_or_end_in_valid_region,3334,10,3325,1,False,strict_endpoints_both_outside_never_inside_mask,9,no_exit_gate_final,False,712.3,False,False,False,123,855.0,1214.0,651.5,175.0
False,outside,outside,0.0,False,False,min_track_length,3325,1,3325,0,False,strict_endpoints_both_outside_never_inside_mask,1,no_exit_length_or_shape,False,0.0,False,False,False,124,1212.0,1212.0,120.5,120.5
False,outside,outside,34.6,False,False,min_track_length,3326,2,3325,0,False,strict_endpoints_both_outside_never_inside_mask,2,no_exit_length_or_shape,False,34.6,False,False,False,125,1163.5,1142.5,134.0,106.5
False,outside,outside,20.65,False,False,min_track_length,3326,2,3325,0,False,strict_endpoints_both_outside_never_inside_mask,2,no_exit_length_or_shape,False,20.65,False,False,False,126,1121.0,1123.5,94.0,73.5
False,outside,outside,8.6,False,False,min_track_length,3327,2,3326,0,False,strict_endpoints_both_outside_never_inside_mask,2,no_exit_length_or_shape,False,8.6,False,False,False,127,1059.0,1052.0,82.5,87.5
False,outside,outside,0.0,False,False,min_track_length,3326,1,3326,0,False,strict_endpoints_both_outside_never_inside_mask,1,no_exit_length_or_shape,False,0.0,False,False,False,128,1060.5,1060.5,34.5,34.5
False,outside,outside,61.75,False,False,require_start_or_end_in_valid_region,3330,4,3327,0,False,strict_endpoints_both_outside_never_inside_mask,4,no_exit_gate_final,False,82.9,False,False,False,129,980.0,1041.5,253.5,248.0
False,outside,outside,0.0,False,False,min_track_length,3329,1,3329,0,False,strict_endpoints_both_outside_never_inside_mask,1,no_exit_length_or_shape,False,0.0,False,False,False,130,1000.5,1000.5,359.5,359.5
False,outside,outside,0.0,False,False,min_track_length,3329,1,3329,0,False,strict_endpoints_both_outside_never_inside_mask,1,no_exit_length_or_shape,False,0.0,False,False,False,131,998.5,998.5,335.5,335.5
False,outside,outside,10.06,False,False,min_track_length,3332,2,3331,0,False,strict_endpoints_both_outside_never_inside_mask,2,no_exit_length_or_shape,False,10.06,False,False,False,132,934.5,925.5,538.0,533.5
False,outside,outside,102.67,False,False,require_start_or_end_in_valid_region,3337,6,3332,0,False,strict_endpoints_both_outside_never_inside_mask,6,no_exit_gate_final,False,121.62,False,False,False,133,863.0,884.0,652.5,552.0
False,outside,outside,0.0,False,False,min_track_length,3332,1,3332,0,False,strict_endpoints_both_outside_never_inside_mask,1,no_exit_length_or_shape,False,0.0,False,False,False,134,869.0,869.0,500.0,500.0
False,outside,outside,0.0,False,False,min_track_length,3342,1,3342,0,False,strict_endpoints_both_outside_never_inside_mask,1,no_exit_length_or_shape,False,0.0,False,False,False,135,1505.5,1505.5,776.0,776.0
False,outside,outside,0.0,False,False,min_track_length,3342,1,3342,0,False,strict_endpoints_both_outside_never_inside_mask,1,no_exit_length_or_shape,False,0.0,False,False,False,136,1516.0,1516.0,770.5,770.5
False,outside,outside,81.24,True,False,min_track_length,3463,3,3461,1,False,strict_endpoints_both_outside_never_inside_mask,2,no_exit_length_or_shape,False,81.24,False,True,False,137,396.0,458.0,709.5,762.0
False,outside,outside,0.0,False,False,min_track_length,3480,1,3480,0,False,strict_endpoints_both_outside_never_inside_mask,1,no_exit_length_or_shape,False,0.0,False,False,False,138,236.0,236.0,771.0,771.0
False,outside,outside,0.0,False,False,min_track_length,3480,1,3480,0,False,strict_endpoints_both_outside_never_inside_mask,1,no_exit_length_or_shape,False,0.0,False,False,False,139,225.5,225.5,768.0,768.0
False,outside,outside,0.0,False,False,min_track_length,3486,1,3486,0,False,strict_endpoints_both_outside_never_inside_mask,1,no_exit_length_or_shape,False,0.0,False,False,False,140,342.0,342.0,66.0,66.0
True,inside,inside,0.0,True,True,min_track_length,3487,1,3487,0,False,strict_endpoints_both_inside,1,no_exit_length_or_shape,False,0.0,False,True,True,141,434.5,434.5,690.5,690.5
False,outside,outside,0.0,False,False,min_track_length,3487,1,3487,0,False,strict_endpoints_both_outside_never_inside_mask,1,no_exit_length_or_shape,False,0.0,False,False,False,142,511.0,511.0,574.5,574.5
False,outside,outside,0.0,False,False,min_track_length,3489,1,3489,0,False,strict_endpoints_both_outside_never_inside_mask,1,no_exit_length_or_shape,False,0.0,False,False,False,143,1336.5,1336.5,779.5,779.5
False,outside,outside,0.0,False,False,min_track_length,3489,1,3489,0,False,strict_endpoints_both_outside_never_inside_mask,1,no_exit_length_or_shape,False,0.0,False,False,False,144,1240.0,1240.0,582.0,582.0
False,outside,outside,111.2,False,False,min_track_length,3530,3,3528,1,False,strict_endpoints_both_outside_never_inside_mask,2,no_exit_length_or_shape,False,111.2,False,False,False,145,252.5,361.5,779.5,757.5
True,inside,inside,0.0,True,True,min_track_length,3610,1,3610,0,False,strict_endpoints_both_inside,1,no_exit_length_or_shape,False,0.0,False,True,True,146,430.5,430.5,689.5,689.5
False,outside,outside,0.0,True,False,min_track_length,3633,1,3633,0,False,strict_endpoints_both_outside_never_inside_mask,1,no_exit_length_or_shape,False,0.0,False,True,False,147,701.0,701.0,571.0,571.0
False,outside,outside,0.0,False,False,min_track_length,3671,1,3671,0,False,strict_endpoints_both_outside_never_inside_mask,1,no_exit_length_or_shape,False,0.0,False,False,False,148,1179.5,1179.5,63.5,63.5
False,outside,outside,0.0,False,False,min_track_length,3671,1,3671,0,False,strict_endpoints_both_outside_never_inside_mask,1,no_exit_length_or_shape,False,0.0,False,False,False,149,1168.5,1168.5,29.5,29.5
False,outside,outside,0.0,False,False,min_track_length,3672,1,3672,0,False,strict_endpoints_both_outside_never_inside_mask,1,no_exit_length_or_shape,False,0.0,False,False,False,150,1178.5,1178.5,278.5,278.5
False,outside,outside,0.0,False,False,min_track_length,3672,1,3672,0,False,strict_endpoints_both_outside_never_inside_mask,1,no_exit_length_or_shape,False,0.0,False,False,False,151,1195.0,1195.0,255.5,255.5
False,outside,outside,0.0,False,False,min_track_length,3672,1,3672,0,False,strict_endpoints_both_outside_never_inside_mask,1,no_exit_length_or_shape,False,0.0,False,False,False,152,1178.5,1178.5,256.0,256.0
False,outside,outside,0.0,False,False,min_track_length,3672,1,3672,0,False,strict_endpoints_both_outside_never_inside_mask,1,no_exit_length_or_shape,False,0.0,False,False,False,153,1195.0,1195.0,224.5,224.5
False,outside,outside,0.0,False,False,min_track_length,3672,1,3672,0,False,strict_endpoints_both_outside_never_inside_mask,1,no_exit_length_or_shape,False,0.0,False,False,False,154,1197.0,1197.0,182.5,182.5
False,outside,outside,0.0,False,False,min_track_length,3673,1,3673,0,False,strict_endpoints_both_outside_never_inside_mask,1,no_exit_length_or_shape,False,0.0,False,False,False,155,1016.0,1016.0,551.5,551.5
False,outside,outside,0.0,False,False,min_track_length,3697,1,3697,0,False,strict_endpoints_both_outside_never_inside_mask,1,no_exit_length_or_shape,False,0.0,False,False,False,156,534.0,534.0,582.5,582.5
False,outside,outside,0.0,False,False,min_track_length,3697,1,3697,0,False,strict_endpoints_both_outside_never_inside_mask,1,no_exit_length_or_shape,False,0.0,False,False,False,157,998.5,998.5,119.0,119.0
False,outside,outside,0.0,False,False,min_track_length,3715,1,3715,0,False,strict_endpoints_both_outside_never_inside_mask,1,no_exit_length_or_shape,False,0.0,False,False,False,158,365.0,365.0,394.0,394.0
False,outside,outside,0.0,False,False,min_track_length,3739,1,3739,0,False,strict_endpoints_both_outside_never_inside_mask,1,no_exit_length_or_shape,False,0.0,False,False,False,159,358.0,358.0,49.0,49.0
True,exits,exits,818.45,False,False,,3787,14,3774,0,True,,14,exit,True,951.78,True,True,True,160,1160.5,662.5,3.5,653.0
False,outside,outside,778.38,False,False,require_start_or_end_in_valid_region,3806,28,3779,15,False,strict_endpoints_both_outside_never_inside_mask,13,no_exit_gate_final,False,1197.55,False,False,False,161,1497.5,887.5,93.5,577.0
False,outside,outside,0.0,False,False,min_track_length,3784,1,3784,0,False,strict_endpoints_both_outside_never_inside_mask,1,no_exit_length_or_shape,False,0.0,False,False,False,162,1003.5,1003.5,387.5,387.5
False,outside,outside,0.0,False,False,min_track_length,3784,1,3784,0,False,strict_endpoints_both_outside_never_inside_mask,1,no_exit_length_or_shape,False,0.0,False,False,False,163,1002.0,1002.0,361.5,361.5
False,outside,outside,0.0,False,False,min_track_length,3784,1,3784,0,False,strict_endpoints_both_outside_never_inside_mask,1,no_exit_length_or_shape,False,0.0,False,False,False,164,1013.0,1013.0,363.0,363.0
False,outside,outside,0.0,False,False,min_track_length,3784,1,3784,0,False,strict_endpoints_both_outside_never_inside_mask,1,no_exit_length_or_shape,False,0.0,False,False,False,165,1058.5,1058.5,355.5,355.5
False,outside,outside,74.0,False,False,min_track_length,3785,2,3784,0,False,strict_endpoints_both_outside_never_inside_mask,2,no_exit_length_or_shape,False,74.0,False,False,False,166,970.5,926.5,236.0,295.5
False,outside,outside,49.93,False,False,min_track_length,3786,3,3784,0,False,strict_endpoints_both_outside_never_inside_mask,3,no_exit_length_or_shape,False,53.04,False,False,False,167,991.0,964.0,259.0,301.0
False,outside,outside,0.0,False,False,min_track_length,3785,1,3785,0,False,strict_endpoints_both_outside_never_inside_mask,1,no_exit_length_or_shape,False,0.0,False,False,False,168,1153.0,1153.0,230.0,230.0
False,outside,outside,0.0,False,False,min_track_length,3785,1,3785,0,False,strict_endpoints_both_outside_never_inside_mask,1,no_exit_length_or_shape,False,0.0,False,False,False,169,1135.0,1135.0,242.5,242.5
False,outside,outside,0.0,False,False,min_track_length,3785,1,3785,0,False,strict_endpoints_both_outside_never_inside_mask,1,no_exit_length_or_shape,False,0.0,False,False,False,170,1162.0,1162.0,226.5,226.5
False,outside,outside,0.0,False,False,min_track_length,3785,1,3785,0,False,strict_endpoints_both_outside_never_inside_mask,1,no_exit_length_or_shape,False,0.0,False,False,False,171,916.5,916.5,195.0,195.0
False,outside,outside,0.0,False,False,min_track_length,3785,1,3785,0,False,strict_endpoints_both_outside_never_inside_mask,1,no_exit_length_or_shape,False,0.0,False,False,False,172,963.5,963.5,196.0,196.0
False,outside,outside,0.0,False,False,min_track_length,3785,1,3785,0,False,strict_endpoints_both_outside_never_inside_mask,1,no_exit_length_or_shape,False,0.0,False,False,False,173,907.0,907.0,185.5,185.5
False,outside,outside,0.0,False,False,min_track_length,3785,1,3785,0,False,strict_endpoints_both_outside_never_inside_mask,1,no_exit_length_or_shape,False,0.0,False,False,False,174,997.5,997.5,179.0,179.0
False,outside,outside,0.0,False,False,min_track_length,3785,1,3785,0,False,strict_endpoints_both_outside_never_inside_mask,1,no_exit_length_or_shape,False,0.0,False,False,False,175,979.0,979.0,194.5,194.5
False,outside,outside,0.0,False,False,min_track_length,3786,1,3786,0,False,strict_endpoints_both_outside_never_inside_mask,1,no_exit_length_or_shape,False,0.0,False,False,False,176,983.0,983.0,57.0,57.0
False,outside,outside,0.0,False,False,min_track_length,3786,1,3786,0,False,strict_endpoints_both_outside_never_inside_mask,1,no_exit_length_or_shape,False,0.0,False,False,False,177,950.5,950.5,28.5,28.5
False,outside,outside,0.0,False,False,min_track_length,3786,1,3786,0,False,strict_endpoints_both_outside_never_inside_mask,1,no_exit_length_or_shape,False,0.0,False,False,False,178,978.0,978.0,29.5,29.5
False,outside,outside,0.0,False,False,min_track_length,3786,1,3786,0,False,strict_endpoints_both_outside_never_inside_mask,1,no_exit_length_or_shape,False,0.0,False,False,False,179,973.0,973.0,6.0,6.0
False,outside,outside,24.55,False,False,min_track_length,3798,2,3797,0,False,strict_endpoints_both_outside_never_inside_mask,2,no_exit_length_or_shape,False,24.55,False,False,False,180,1276.5,1263.0,749.0,769.5
False,outside,outside,49.43,False,False,min_track_length,3800,3,3798,0,False,strict_endpoints_both_outside_never_inside_mask,3,no_exit_length_or_shape,False,55.77,False,False,False,181,887.0,880.5,578.5,627.5
False,outside,outside,0.0,False,False,min_track_length,3798,1,3798,0,False,strict_endpoints_both_outside_never_inside_mask,1,no_exit_length_or_shape,False,0.0,False,False,False,182,1287.5,1287.5,602.0,602.0
False,outside,outside,56.04,False,False,min_track_length,3801,2,3800,0,False,strict_endpoints_both_outside_never_inside_mask,2,no_exit_length_or_shape,False,56.04,False,False,False,183,1024.5,970.5,598.5,583.5
False,outside,outside,164.37,False,False,require_start_or_end_in_valid_region,3803,4,3800,0,False,strict_endpoints_both_outside_never_inside_mask,4,no_exit_gate_final,False,166.08,False,False,False,184,1059.5,988.0,432.0,580.0
False,outside,outside,0.0,False,False,min_track_length,3800,1,3800,0,False,strict_endpoints_both_outside_never_inside_mask,1,no_exit_length_or_shape,False,0.0,False,False,False,185,951.5,951.5,588.0,588.0
False,outside,outside,0.0,False,False,min_track_length,3803,1,3803,0,False,strict_endpoints_both_outside_never_inside_mask,1,no_exit_length_or_shape,False,0.0,False,False,False,186,1145.0,1145.0,451.0,451.0
False,outside,outside,0.0,False,False,min_track_length,3805,1,3805,0,False,strict_endpoints_both_outside_never_inside_mask,1,no_exit_length_or_shape,False,0.0,False,False,False,187,1387.5,1387.5,260.0,260.0
False,outside,outside,0.0,False,False,min_track_length,3805,1,3805,0,False,strict_endpoints_both_outside_never_inside_mask,1,no_exit_length_or_shape,False,0.0,False,False,False,188,1309.0,1309.0,152.5,152.5
False,outside,outside,0.0,False,False,min_track_length,3805,1,3805,0,False,strict_endpoints_both_outside_never_inside_mask,1,no_exit_length_or_shape,False,0.0,False,False,False,189,1272.0,1272.0,123.0,123.0
False,outside,outside,0.0,False,False,min_track_length,3805,1,3805,0,False,strict_endpoints_both_outside_never_inside_mask,1,no_exit_length_or_shape,False,0.0,False,False,False,190,1124.0,1124.0,64.5,64.5
False,outside,outside,0.0,False,False,min_track_length,3812,1,3812,0,False,strict_endpoints_both_outside_never_inside_mask,1,no_exit_length_or_shape,False,0.0,False,False,False,191,393.5,393.5,91.5,91.5
False,outside,outside,0.0,False,False,min_track_length,3821,1,3821,0,False,strict_endpoints_both_outside_never_inside_mask,1,no_exit_length_or_shape,False,0.0,False,False,False,192,1240.0,1240.0,582.0,582.0
False,outside,outside,558.66,False,False,require_start_or_end_in_valid_region,3905,7,3899,1,False,strict_endpoints_both_outside_never_inside_mask,6,no_exit_gate_final,False,657.64,False,False,False,193,1002.0,1392.0,554.5,154.5
False,outside,outside,0.0,False,False,min_track_length,3899,1,3899,0,False,strict_endpoints_both_outside_never_inside_mask,1,no_exit_length_or_shape,False,0.0,False,False,False,194,1395.5,1395.5,121.0,121.0
True,enters,enters,714.58,True,True,,3916,17,3900,1,False,strict_endpoints_enters_start_outside_end_inside,16,no_exit_geometry_enters,True,761.32,False,False,False,195,715.0,1302.0,663.0,255.5
False,outside,outside,0.0,False,False,min_track_length,3900,1,3900,0,False,strict_endpoints_both_outside_never_inside_mask,1,no_exit_length_or_shape,False,0.0,False,False,False,196,1289.5,1289.5,232.0,232.0
False,outside,outside,75.0,False,False,min_track_length,3901,2,3900,0,False,strict_endpoints_both_outside_never_inside_mask,2,no_exit_length_or_shape,False,75.0,False,False,False,197,1131.0,1130.5,199.5,124.5
False,outside,outside,0.0,False,False,min_track_length,3900,1,3900,0,False,strict_endpoints_both_outside_never_inside_mask,1,no_exit_length_or_shape,False,0.0,False,False,False,198,1182.5,1182.5,104.5,104.5
False,outside,outside,0.0,False,False,min_track_length,3901,1,3901,0,False,strict_endpoints_both_outside_never_inside_mask,1,no_exit_length_or_shape,False,0.0,False,False,False,199,1271.5,1271.5,386.0,386.0
False,outside,outside,0.0,False,False,min_track_length,3901,1,3901,0,False,strict_endpoints_both_outside_never_inside_mask,1,no_exit_length_or_shape,False,0.0,False,False,False,200,1255.0,1255.0,372.0,372.0
False,outside,outside,0.0,False,False,min_track_length,3901,1,3901,0,False,strict_endpoints_both_outside_never_inside_mask,1,no_exit_length_or_shape,False,0.0,False,False,False,201,1224.0,1224.0,349.0,349.0
False,outside,outside,0.0,False,False,min_track_length,3901,1,3901,0,False,strict_endpoints_both_outside_never_inside_mask,1,no_exit_length_or_shape,False,0.0,False,False,False,202,1145.0,1145.0,284.0,284.0
False,outside,outside,0.0,False,False,min_track_length,3901,1,3901,0,False,strict_endpoints_both_outside_never_inside_mask,1,no_exit_length_or_shape,False,0.0,False,False,False,203,1171.0,1171.0,280.5,280.5
False,outside,outside,0.0,False,False,min_track_length,3901,1,3901,0,False,strict_endpoints_both_outside_never_inside_mask,1,no_exit_length_or_shape,False,0.0,False,False,False,204,1116.0,1116.0,247.0,247.0
False,outside,outside,9.82,False,False,min_track_length,3902,2,3901,0,False,strict_endpoints_both_outside_never_inside_mask,2,no_exit_length_or_shape,False,9.82,False,False,False,205,1153.5,1144.0,256.5,254.0
False,outside,outside,0.0,False,False,min_track_length,3901,1,3901,0,False,strict_endpoints_both_outside_never_inside_mask,1,no_exit_length_or_shape,False,0.0,False,False,False,206,1102.0,1102.0,228.0,228.0
False,outside,outside,0.0,False,False,min_track_length,3901,1,3901,0,False,strict_endpoints_both_outside_never_inside_mask,1,no_exit_length_or_shape,False,0.0,False,False,False,207,1111.5,1111.5,208.5,208.5
False,outside,outside,94.92,False,False,require_start_or_end_in_valid_region,3906,4,3903,0,False,strict_endpoints_both_outside_never_inside_mask,4,no_exit_gate_final,False,207.47,False,False,False,208,1042.5,1075.5,482.5,393.5
False,outside,outside,264.31,False,False,require_start_or_end_in_valid_region,3907,5,3903,0,False,strict_endpoints_both_outside_never_inside_mask,5,no_exit_gate_final,False,272.87,False,False,False,209,941.0,1061.0,616.5,381.0
True,enters,enters,263.27,True,True,,3915,11,3905,6,False,strict_endpoints_enters_start_outside_end_inside,5,no_exit_fragmentation,True,303.24,False,False,False,210,745.0,994.0,657.5,572.0
False,outside,outside,0.0,False,False,min_track_length,3907,1,3907,0,False,strict_endpoints_both_outside_never_inside_mask,1,no_exit_length_or_shape,False,0.0,False,False,False,211,931.0,931.0,558.5,558.5
False,outside,outside,0.0,False,False,min_track_length,3907,1,3907,0,False,strict_endpoints_both_outside_never_inside_mask,1,no_exit_length_or_shape,False,0.0,False,False,False,212,940.0,940.0,551.0,551.0
False,outside,outside,0.0,False,False,min_track_length,3945,1,3945,0,False,strict_endpoints_both_outside_never_inside_mask,1,no_exit_length_or_shape,False,0.0,False,False,False,213,923.5,923.5,534.0,534.0
False,outside,outside,0.0,False,False,min_track_length,4049,1,4049,0,False,strict_endpoints_both_outside_never_inside_mask,1,no_exit_length_or_shape,False,0.0,False,False,False,214,564.5,564.5,573.0,573.0
False,outside,outside,0.0,True,False,min_track_length,4127,1,4127,0,False,strict_endpoints_both_outside_never_inside_mask,1,no_exit_length_or_shape,False,0.0,False,True,False,215,471.0,471.0,746.0,746.0
False,outside,outside,0.0,True,False,min_track_length,4260,2,4259,0,False,strict_endpoints_both_outside_never_inside_mask,2,no_exit_length_or_shape,False,0.0,False,True,False,216,447.0,447.0,761.0,761.0
False,outside,outside,0.0,False,False,min_track_length,4271,1,4271,0,False,strict_endpoints_both_outside_never_inside_mask,1,no_exit_length_or_shape,False,0.0,False,False,False,217,327.0,327.0,565.5,565.5
False,outside,outside,0.0,False,False,min_track_length,4277,1,4277,0,False,strict_endpoints_both_outside_never_inside_mask,1,no_exit_length_or_shape,False,0.0,False,False,False,218,1431.5,1431.5,747.0,747.0
False,outside,outside,0.0,False,False,min_track_length,4336,1,4336,0,False,strict_endpoints_both_outside_never_inside_mask,1,no_exit_length_or_shape,False,0.0,False,False,False,219,1076.5,1076.5,124.5,124.5
False,outside,outside,0.5,False,False,min_track_length,4424,2,4423,0,False,strict_endpoints_both_outside_never_inside_mask,2,no_exit_length_or_shape,False,0.5,False,False,False,220,931.0,931.5,298.5,298.5
False,outside,outside,0.0,False,False,min_track_length,4427,1,4427,0,False,strict_endpoints_both_outside_never_inside_mask,1,no_exit_length_or_shape,False,0.0,False,False,False,221,1639.0,1639.0,775.0,775.0
False,outside,outside,0.0,False,False,min_track_length,4427,1,4427,0,False,strict_endpoints_both_outside_never_inside_mask,1,no_exit_length_or_shape,False,0.0,False,False,False,222,1653.0,1653.0,768.5,768.5
False,outside,outside,0.0,False,False,min_track_length,4427,1,4427,0,False,strict_endpoints_both_outside_never_inside_mask,1,no_exit_length_or_shape,False,0.0,False,False,False,223,1622.5,1622.5,754.5,754.5
False,outside,outside,0.0,False,False,min_track_length,4427,1,4427,0,False,strict_endpoints_both_outside_never_inside_mask,1,no_exit_length_or_shape,False,0.0,False,False,False,224,1668.5,1668.5,774.0,774.0
False,outside,outside,0.0,False,False,min_track_length,4462,1,4462,0,False,strict_endpoints_both_outside_never_inside_mask,1,no_exit_length_or_shape,False,0.0,False,False,False,225,604.0,604.0,549.0,549.0
False,outside,outside,0.0,False,False,min_track_length,4462,1,4462,0,False,strict_endpoints_both_outside_never_inside_mask,1,no_exit_length_or_shape,False,0.0,False,False,False,226,1396.5,1396.5,499.5,499.5
False,outside,outside,0.0,False,False,min_track_length,4522,1,4522,0,False,strict_endpoints_both_outside_never_inside_mask,1,no_exit_length_or_shape,False,0.0,False,False,False,227,1725.0,1725.0,434.5,434.5
False,outside,outside,0.0,False,False,min_track_length,4537,1,4537,0,False,strict_endpoints_both_outside_never_inside_mask,1,no_exit_length_or_shape,False,0.0,False,False,False,228,1124.0,1124.0,231.0,231.0
False,outside,outside,0.0,False,False,min_track_length,4623,1,4623,0,False,strict_endpoints_both_outside_never_inside_mask,1,no_exit_length_or_shape,False,0.0,False,False,False,229,460.5,460.5,165.5,165.5
False,outside,outside,0.0,False,False,min_track_length,4654,1,4654,0,False,strict_endpoints_both_outside_never_inside_mask,1,no_exit_length_or_shape,False,0.0,False,False,False,230,908.5,908.5,613.0,613.0
False,outside,outside,102.86,False,False,min_track_length,4670,2,4669,0,False,strict_endpoints_both_outside_never_inside_mask,2,no_exit_length_or_shape,False,102.86,False,True,False,231,846.5,754.5,520.0,566.0
False,outside,outside,26.93,True,False,,4706,5,4702,0,False,strict_endpoints_both_outside_never_inside_mask,5,no_exit_geometry_outside,True,27.69,False,True,False,232,736.0,713.0,574.5,588.5
False,outside,outside,159.61,False,False,require_start_or_end_in_valid_region,4739,25,4715,19,False,strict_endpoints_both_outside_never_inside_mask,6,no_exit_gate_final,False,290.77,False,False,False,233,1261.5,1115.5,102.0,37.5
True,enters,enters,715.62,True,True,,4724,10,4715,0,False,strict_endpoints_enters_start_outside_end_inside,10,no_exit_geometry_enters,True,780.68,False,False,False,234,751.0,1134.0,626.0,21.5
False,outside,outside,112.88,False,False,min_track_length,4717,2,4716,0,False,strict_endpoints_both_outside_never_inside_mask,2,no_exit_length_or_shape,False,112.88,False,False,False,235,1037.0,1099.5,256.0,162.0
False,outside,outside,106.85,False,False,min_track_length,4725,10,4716,8,False,strict_endpoints_both_outside_never_inside_mask,2,no_exit_length_or_shape,False,106.85,False,False,False,236,1161.5,1057.5,101.0,125.5
True,enters,enters,460.65,True,True,,4736,20,4717,12,False,strict_endpoints_enters_start_outside_end_inside,8,no_exit_fragmentation,True,573.41,False,False,False,237,774.5,1065.0,642.5,285.0
False,outside,outside,76.27,False,False,min_track_length,4726,10,4717,8,False,strict_endpoints_both_outside_never_inside_mask,2,no_exit_length_or_shape,False,76.27,False,False,False,238,1134.5,1067.0,237.0,272.5
False,outside,outside,0.0,False,False,min_track_length,4717,1,4717,0,False,strict_endpoints_both_outside_never_inside_mask,1,no_exit_length_or_shape,False,0.0,False,False,False,239,1031.0,1031.0,269.0,269.0
False,outside,outside,0.0,False,False,min_track_length,4717,1,4717,0,False,strict_endpoints_both_outside_never_inside_mask,1,no_exit_length_or_shape,False,0.0,False,False,False,240,1026.0,1026.0,259.5,259.5
False,outside,outside,0.0,False,False,min_track_length,4723,1,4723,0,False,strict_endpoints_both_outside_never_inside_mask,1,no_exit_length_or_shape,False,0.0,False,False,False,241,53.5,53.5,775.0,775.0
False,outside,outside,74.53,False,False,min_track_length,4725,2,4724,0,False,strict_endpoints_both_outside_never_inside_mask,2,no_exit_length_or_shape,False,74.53,False,False,False,242,1147.5,1222.0,55.5,53.5
False,outside,outside,0.0,False,False,min_track_length,4726,1,4726,0,False,strict_endpoints_both_outside_never_inside_mask,1,no_exit_length_or_shape,False,0.0,False,False,False,243,1169.0,1169.0,221.0,221.0
False,outside,outside,0.0,False,False,min_track_length,4731,1,4731,0,False,strict_endpoints_both_outside_never_inside_mask,1,no_exit_length_or_shape,False,0.0,False,False,False,244,934.0,934.0,594.0,594.0
False,outside,outside,0.0,False,False,min_track_length,4731,1,4731,0,False,strict_endpoints_both_outside_never_inside_mask,1,no_exit_length_or_shape,False,0.0,False,False,False,245,968.5,968.5,590.0,590.0
False,outside,outside,0.0,False,False,min_track_length,4734,1,4734,0,False,strict_endpoints_both_outside_never_inside_mask,1,no_exit_length_or_shape,False,0.0,False,False,False,246,510.5,510.5,574.5,574.5
False,outside,outside,0.0,False,False,min_track_length,4747,1,4747,0,False,strict_endpoints_both_outside_never_inside_mask,1,no_exit_length_or_shape,False,0.0,False,False,False,247,406.5,406.5,775.5,775.5
False,outside,outside,0.0,False,False,min_track_length,4749,1,4749,0,False,strict_endpoints_both_outside_never_inside_mask,1,no_exit_length_or_shape,False,0.0,False,False,False,248,1369.0,1369.0,171.5,171.5
False,outside,outside,0.0,False,False,min_track_length,4750,1,4750,0,False,strict_endpoints_both_outside_never_inside_mask,1,no_exit_length_or_shape,False,0.0,False,False,False,249,1245.5,1245.5,292.0,292.0
False,outside,outside,0.0,False,False,min_track_length,4750,1,4750,0,False,strict_endpoints_both_outside_never_inside_mask,1,no_exit_length_or_shape,False,0.0,False,False,False,250,1220.5,1220.5,246.0,246.0
False,outside,outside,109.81,False,False,min_track_length,4751,2,4750,0,False,strict_endpoints_both_outside_never_inside_mask,2,no_exit_length_or_shape,False,109.81,False,False,False,251,1109.0,1196.0,312.0,245.0
False,outside,outside,487.85,False,False,require_start_or_end_in_valid_region,4756,7,4750,1,False,strict_endpoints_both_outside_never_inside_mask,6,no_exit_gate_final,False,492.87,False,False,False,252,896.0,1183.0,638.5,244.0
False,outside,outside,0.0,False,False,min_track_length,4750,1,4750,0,False,strict_endpoints_both_outside_never_inside_mask,1,no_exit_length_or_shape,False,0.0,False,False,False,253,1149.0,1149.0,164.0,164.0
False,outside,outside,0.0,False,False,min_track_length,4750,1,4750,0,False,strict_endpoints_both_outside_never_inside_mask,1,no_exit_length_or_shape,False,0.0,False,False,False,254,1158.5,1158.5,143.0,143.0
False,outside,outside,0.0,False,False,min_track_length,4750,1,4750,0,False,strict_endpoints_both_outside_never_inside_mask,1,no_exit_length_or_shape,False,0.0,False,False,False,255,1151.0,1151.0,141.0,141.0
False,outside,outside,0.0,False,False,min_track_length,4751,1,4751,0,False,strict_endpoints_both_outside_never_inside_mask,1,no_exit_length_or_shape,False,0.0,False,False,False,256,1163.0,1163.0,419.0,419.0
False,outside,outside,0.0,False,False,min_track_length,4751,1,4751,0,False,strict_endpoints_both_outside_never_inside_mask,1,no_exit_length_or_shape,False,0.0,False,False,False,257,1177.5,1177.5,409.5,409.5
False,outside,outside,0.0,False,False,min_track_length,4751,1,4751,0,False,strict_endpoints_both_outside_never_inside_mask,1,no_exit_length_or_shape,False,0.0,False,False,False,258,1112.5,1112.5,361.5,361.5
False,outside,outside,91.57,False,False,min_track_length,4755,4,4752,1,False,strict_endpoints_both_outside_never_inside_mask,3,no_exit_length_or_shape,False,113.03,False,False,False,259,991.5,1056.5,557.0,492.5
True,enters,enters,238.63,True,True,,4761,7,4755,0,False,strict_endpoints_enters_start_outside_end_inside,7,no_exit_geometry_enters,True,243.62,False,False,False,260,741.0,966.0,662.0,582.5
False,outside,outside,0.0,False,False,min_track_length,4755,1,4755,0,False,strict_endpoints_both_outside_never_inside_mask,1,no_exit_length_or_shape,False,0.0,False,False,False,261,984.5,984.5,568.5,568.5
False,outside,outside,0.0,False,False,min_track_length,4759,1,4759,0,False,strict_endpoints_both_outside_never_inside_mask,1,no_exit_length_or_shape,False,0.0,False,False,False,262,1193.0,1193.0,666.5,666.5
False,outside,outside,7.16,False,False,min_track_length,4760,2,4759,0,False,strict_endpoints_both_outside_never_inside_mask,2,no_exit_length_or_shape,False,7.16,False,False,False,263,1213.0,1210.0,657.0,650.5
False,outside,outside,0.0,False,False,min_track_length,4759,1,4759,0,False,strict_endpoints_both_outside_never_inside_mask,1,no_exit_length_or_shape,False,0.0,False,False,False,264,1222.5,1222.5,638.5,638.5
False,outside,outside,0.0,False,False,min_track_length,4759,1,4759,0,False,strict_endpoints_both_outside_never_inside_mask,1,no_exit_length_or_shape,False,0.0,False,False,False,265,1199.5,1199.5,634.0,634.0
False,outside,outside,0.71,True,False,min_track_length,4764,2,4763,0,False,strict_endpoints_both_outside_never_inside_mask,2,no_exit_length_or_shape,False,0.71,False,True,False,266,417.0,416.5,729.0,729.5
False,outside,outside,0.0,False,False,min_track_length,4763,1,4763,0,False,strict_endpoints_both_outside_never_inside_mask,1,no_exit_length_or_shape,False,0.0,False,False,False,267,1449.0,1449.0,342.0,342.0
False,outside,outside,0.0,False,False,min_track_length,4772,1,4772,0,False,strict_endpoints_both_outside_never_inside_mask,1,no_exit_length_or_shape,False,0.0,False,False,False,268,458.5,458.5,585.5,585.5
False,outside,outside,0.0,False,False,min_track_length,4824,1,4824,0,False,strict_endpoints_both_outside_never_inside_mask,1,no_exit_length_or_shape,False,0.0,False,False,False,269,1372.0,1372.0,650.0,650.0
False,outside,outside,0.0,False,False,min_track_length,5017,1,5017,0,False,strict_endpoints_both_outside_never_inside_mask,1,no_exit_length_or_shape,False,0.0,False,False,False,270,548.5,548.5,524.0,524.0
False,outside,outside,0.0,True,False,min_track_length,5020,1,5020,0,False,strict_endpoints_both_outside_never_inside_mask,1,no_exit_length_or_shape,False,0.0,False,True,False,271,502.0,502.0,768.0,768.0
False,outside,outside,0.0,False,False,min_track_length,5032,1,5032,0,False,strict_endpoints_both_outside_never_inside_mask,1,no_exit_length_or_shape,False,0.0,False,False,False,272,274.5,274.5,714.5,714.5
False,outside,outside,0.0,False,False,min_track_length,5048,1,5048,0,False,strict_endpoints_both_outside_never_inside_mask,1,no_exit_length_or_shape,False,0.0,False,False,False,273,508.5,508.5,573.5,573.5
False,outside,outside,0.0,False,False,min_track_length,5062,1,5062,0,False,strict_endpoints_both_outside_never_inside_mask,1,no_exit_length_or_shape,False,0.0,False,False,False,274,277.0,277.0,572.5,572.5
False,outside,outside,0.0,False,False,min_track_length,5062,1,5062,0,False,strict_endpoints_both_outside_never_inside_mask,1,no_exit_length_or_shape,False,0.0,False,False,False,275,386.5,386.5,477.5,477.5
False,outside,outside,0.0,False,False,min_track_length,5063,1,5063,0,False,strict_endpoints_both_outside_never_inside_mask,1,no_exit_length_or_shape,False,0.0,False,False,False,276,361.5,361.5,757.0,757.0
False,outside,outside,0.0,False,False,min_track_length,5107,1,5107,0,False,strict_endpoints_both_outside_never_inside_mask,1,no_exit_length_or_shape,False,0.0,False,False,False,277,386.5,386.5,477.0,477.0
False,outside,outside,0.0,False,False,min_track_length,5116,1,5116,0,False,strict_endpoints_both_outside_never_inside_mask,1,no_exit_length_or_shape,False,0.0,False,False,False,278,1130.5,1130.5,716.5,716.5
False,outside,outside,0.0,False,False,min_track_length,5197,1,5197,0,False,strict_endpoints_both_outside_never_inside_mask,1,no_exit_length_or_shape,False,0.0,False,False,False,279,361.5,361.5,595.0,595.0
False,outside,outside,0.0,False,False,min_track_length,5242,1,5242,0,False,strict_endpoints_both_outside_never_inside_mask,1,no_exit_length_or_shape,False,0.0,False,False,False,280,422.5,422.5,779.5,779.5
False,outside,outside,0.0,False,False,min_track_length,5255,1,5255,0,False,strict_endpoints_both_outside_never_inside_mask,1,no_exit_length_or_shape,False,0.0,False,False,False,281,1331.5,1331.5,234.0,234.0
False,outside,outside,560.06,False,False,require_start_or_end_in_valid_region,5283,12,5272,0,False,strict_endpoints_both_outside_never_inside_mask,12,no_exit_gate_final,False,575.39,False,False,False,282,1148.0,1707.5,769.5,744.5
False,outside,outside,0.0,True,False,min_track_length,5304,1,5304,0,False,strict_endpoints_both_outside_never_inside_mask,1,no_exit_length_or_shape,False,0.0,False,True,False,283,461.0,461.0,753.0,753.0
False,outside,outside,0.0,False,False,min_track_length,5304,1,5304,0,False,strict_endpoints_both_outside_never_inside_mask,1,no_exit_length_or_shape,False,0.0,False,False,False,284,360.0,360.0,197.5,197.5
False,outside,outside,0.0,True,False,min_track_length,5325,1,5325,0,False,strict_endpoints_both_outside_never_inside_mask,1,no_exit_length_or_shape,False,0.0,False,True,False,285,438.5,438.5,743.0,743.0
False,outside,outside,0.0,False,False,min_track_length,5359,1,5359,0,False,strict_endpoints_both_outside_never_inside_mask,1,no_exit_length_or_shape,False,0.0,False,False,False,286,808.5,808.5,541.5,541.5
False,outside,outside,0.0,False,False,min_track_length,5389,1,5389,0,False,strict_endpoints_both_outside_never_inside_mask,1,no_exit_length_or_shape,False,0.0,False,False,False,287,390.5,390.5,495.0,495.0
False,outside,outside,0.0,False,False,min_track_length,5392,1,5392,0,False,strict_endpoints_both_outside_never_inside_mask,1,no_exit_length_or_shape,False,0.0,False,False,False,288,431.5,431.5,779.0,779.0
False,outside,outside,0.0,False,False,min_track_length,5393,1,5393,0,False,strict_endpoints_both_outside_never_inside_mask,1,no_exit_length_or_shape,False,0.0,False,False,False,289,1330.5,1330.5,128.5,128.5
False,outside,outside,0.0,False,False,min_track_length,5405,1,5405,0,False,strict_endpoints_both_outside_never_inside_mask,1,no_exit_length_or_shape,False,0.0,False,False,False,290,324.5,324.5,570.0,570.0
False,outside,outside,0.0,False,False,min_track_length,5452,1,5452,0,False,strict_endpoints_both_outside_never_inside_mask,1,no_exit_length_or_shape,False,0.0,False,False,False,291,331.5,331.5,690.5,690.5
False,outside,outside,0.0,False,False,min_track_length,5480,1,5480,0,False,strict_endpoints_both_outside_never_inside_mask,1,no_exit_length_or_shape,False,0.0,False,False,False,292,1468.0,1468.0,583.5,583.5
False,outside,outside,0.0,False,False,min_track_length,5551,1,5551,0,False,strict_endpoints_both_outside_never_inside_mask,1,no_exit_length_or_shape,False,0.0,False,False,False,293,908.5,908.5,612.5,612.5
False,outside,outside,0.0,False,False,min_track_length,5558,1,5558,0,False,strict_endpoints_both_outside_never_inside_mask,1,no_exit_length_or_shape,False,0.0,False,False,False,294,1421.5,1421.5,610.5,610.5
False,outside,outside,0.0,False,False,min_track_length,5558,1,5558,0,False,strict_endpoints_both_outside_never_inside_mask,1,no_exit_length_or_shape,False,0.0,False,False,False,295,1420.5,1420.5,594.0,594.0
False,outside,outside,0.0,False,False,min_track_length,5558,1,5558,0,False,strict_endpoints_both_outside_never_inside_mask,1,no_exit_length_or_shape,False,0.0,False,False,False,296,1407.0,1407.0,550.5,550.5
False,outside,outside,0.0,False,False,min_track_length,5558,1,5558,0,False,strict_endpoints_both_outside_never_inside_mask,1,no_exit_length_or_shape,False,0.0,False,False,False,297,1429.0,1429.0,558.5,558.5
False,outside,outside,0.0,True,False,min_track_length,5594,1,5594,0,False,strict_endpoints_both_outside_never_inside_mask,1,no_exit_length_or_shape,False,0.0,False,True,False,298,342.5,342.5,682.5,682.5
False,outside,outside,0.0,True,False,min_track_length,5599,1,5599,0,False,strict_endpoints_both_outside_never_inside_mask,1,no_exit_length_or_shape,False,0.0,False,True,False,299,508.5,508.5,764.0,764.0
False,outside,outside,0.0,False,False,min_track_length,5600,1,5600,0,False,strict_endpoints_both_outside_never_inside_mask,1,no_exit_length_or_shape,False,0.0,False,False,False,300,370.5,370.5,528.0,528.0
False,outside,outside,56.11,False,False,min_track_length,5624,6,5619,4,False,strict_endpoints_both_outside_never_inside_mask,2,no_exit_length_or_shape,False,56.11,False,True,False,301,537.5,534.0,550.0,606.0
True,inside,inside,0.0,True,True,min_track_length,5624,1,5624,0,False,strict_endpoints_both_inside,1,no_exit_length_or_shape,False,0.0,False,True,True,302,583.0,583.0,696.5,696.5
False,outside,outside,0.0,False,False,min_track_length,5626,1,5626,0,False,strict_endpoints_both_outside_never_inside_mask,1,no_exit_length_or_shape,False,0.0,False,False,False,303,260.5,260.5,738.5,738.5
False,outside,outside,0.0,True,False,min_track_length,5662,1,5662,0,False,strict_endpoints_both_outside_never_inside_mask,1,no_exit_length_or_shape,False,0.0,False,True,False,304,531.0,531.0,771.0,771.0
True,inside,inside,0.0,True,True,min_track_length,5680,1,5680,0,False,strict_endpoints_both_inside,1,no_exit_length_or_shape,False,0.0,False,True,True,305,485.5,485.5,737.5,737.5
False,outside,outside,0.0,False,False,min_track_length,5716,1,5716,0,False,strict_endpoints_both_outside_never_inside_mask,1,no_exit_length_or_shape,False,0.0,False,False,False,306,205.5,205.5,673.5,673.5
False,outside,outside,0.0,False,False,min_track_length,5752,1,5752,0,False,strict_endpoints_both_outside_never_inside_mask,1,no_exit_length_or_shape,False,0.0,False,False,False,307,1355.5,1355.5,108.0,108.0
False,outside,outside,0.0,False,False,min_track_length,5765,1,5765,0,False,strict_endpoints_both_outside_never_inside_mask,1,no_exit_length_or_shape,False,0.0,False,False,False,308,508.5,508.5,574.0,574.0
False,outside,outside,0.0,False,False,min_track_length,5771,1,5771,0,False,strict_endpoints_both_outside_never_inside_mask,1,no_exit_length_or_shape,False,0.0,False,False,False,309,377.5,377.5,475.5,475.5
False,outside,outside,0.0,False,False,min_track_length,5884,1,5884,0,False,strict_endpoints_both_outside_never_inside_mask,1,no_exit_length_or_shape,False,0.0,False,False,False,310,587.5,587.5,573.0,573.0
False,outside,outside,0.0,False,False,min_track_length,5913,1,5913,0,False,strict_endpoints_both_outside_never_inside_mask,1,no_exit_length_or_shape,False,0.0,False,False,False,311,856.5,856.5,532.5,532.5
False,outside,outside,0.0,False,False,min_track_length,5917,1,5917,0,False,strict_endpoints_both_outside_never_inside_mask,1,no_exit_length_or_shape,False,0.0,False,False,False,312,985.5,985.5,255.0,255.0
False,outside,outside,0.0,False,False,min_track_length,5929,1,5929,0,False,strict_endpoints_both_outside_never_inside_mask,1,no_exit_length_or_shape,False,0.0,False,False,False,313,570.0,570.0,581.0,581.0
False,outside,outside,0.0,False,False,min_track_length,5930,1,5930,0,False,strict_endpoints_both_outside_never_inside_mask,1,no_exit_length_or_shape,False,0.0,False,False,False,314,744.0,744.0,504.0,504.0
False,outside,outside,0.0,False,False,min_track_length,5998,1,5998,0,False,strict_endpoints_both_outside_never_inside_mask,1,no_exit_length_or_shape,False,0.0,False,False,False,315,462.0,462.0,3.0,3.0
True,inside,inside,0.0,True,True,min_track_length,6037,1,6037,0,False,strict_endpoints_both_inside,1,no_exit_length_or_shape,False,0.0,False,True,True,316,555.0,555.0,771.0,771.0
False,outside,outside,0.0,False,False,min_track_length,6112,1,6112,0,False,strict_endpoints_both_outside_never_inside_mask,1,no_exit_length_or_shape,False,0.0,False,False,False,317,475.0,475.0,82.0,82.0
False,outside,outside,0.0,False,False,min_track_length,6155,1,6155,0,False,strict_endpoints_both_outside_never_inside_mask,1,no_exit_length_or_shape,False,0.0,False,False,False,318,552.0,552.0,578.0,578.0
False,outside,outside,0.0,False,False,min_track_length,6248,1,6248,0,False,strict_endpoints_both_outside_never_inside_mask,1,no_exit_length_or_shape,False,0.0,False,False,False,319,508.5,508.5,574.0,574.0
False,outside,outside,0.0,False,False,min_track_length,6283,1,6283,0,False,strict_endpoints_both_outside_never_inside_mask,1,no_exit_length_or_shape,False,0.0,False,False,False,320,464.0,464.0,2.5,2.5
False,outside,outside,0.0,False,False,min_track_length,6299,1,6299,0,False,strict_endpoints_both_outside_never_inside_mask,1,no_exit_length_or_shape,False,0.0,False,False,False,321,293.0,293.0,523.0,523.0
False,outside,outside,0.0,False,False,min_track_length,6350,1,6350,0,False,strict_endpoints_both_outside_never_inside_mask,1,no_exit_length_or_shape,False,0.0,False,False,False,322,828.5,828.5,541.0,541.0
False,outside,outside,0.0,False,False,min_track_length,6359,1,6359,0,False,strict_endpoints_both_outside_never_inside_mask,1,no_exit_length_or_shape,False,0.0,False,False,False,323,651.0,651.0,41.0,41.0
False,outside,outside,0.0,False,False,min_track_length,6367,1,6367,0,False,strict_endpoints_both_outside_never_inside_mask,1,no_exit_length_or_shape,False,0.0,False,False,False,324,348.5,348.5,761.5,761.5
False,outside,outside,202.47,False,False,min_track_length,6399,3,6397,0,False,strict_endpoints_both_outside_never_inside_mask,3,no_exit_length_or_shape,False,203.19,False,False,False,325,1649.0,1594.5,119.0,314.0
False,outside,outside,0.0,False,False,min_track_length,6398,1,6398,0,False,strict_endpoints_both_outside_never_inside_mask,1,no_exit_length_or_shape,False,0.0,False,False,False,326,1635.0,1635.0,204.0,204.0
False,outside,outside,0.0,False,False,min_track_length,6398,1,6398,0,False,strict_endpoints_both_outside_never_inside_mask,1,no_exit_length_or_shape,False,0.0,False,False,False,327,1618.0,1618.0,175.5,175.5
False,outside,outside,0.0,False,False,min_track_length,6402,1,6402,0,False,strict_endpoints_both_outside_never_inside_mask,1,no_exit_length_or_shape,False,0.0,False,False,False,328,252.5,252.5,390.0,390.0
False,outside,outside,0.0,False,False,min_track_length,6423,1,6423,0,False,strict_endpoints_both_outside_never_inside_mask,1,no_exit_length_or_shape,False,0.0,False,False,False,329,363.0,363.0,756.5,756.5
False,outside,outside,0.0,True,False,min_track_length,6444,1,6444,0,False,strict_endpoints_both_outside_never_inside_mask,1,no_exit_length_or_shape,False,0.0,False,True,False,330,510.0,510.0,764.0,764.0
False,outside,outside,0.0,False,False,min_track_length,6447,1,6447,0,False,strict_endpoints_both_outside_never_inside_mask,1,no_exit_length_or_shape,False,0.0,False,False,False,331,996.0,996.0,137.0,137.0
False,outside,outside,0.0,False,False,min_track_length,6467,1,6467,0,False,strict_endpoints_both_outside_never_inside_mask,1,no_exit_length_or_shape,False,0.0,False,False,False,332,916.5,916.5,668.0,668.0
False,outside,outside,0.0,False,False,min_track_length,6549,1,6549,0,False,strict_endpoints_both_outside_never_inside_mask,1,no_exit_length_or_shape,False,0.0,False,False,False,333,916.5,916.5,740.0,740.0
False,outside,outside,0.0,False,False,min_track_length,6592,1,6592,0,False,strict_endpoints_both_outside_never_inside_mask,1,no_exit_length_or_shape,False,0.0,False,False,False,334,429.5,429.5,451.5,451.5
False,outside,outside,0.0,False,False,min_track_length,6595,1,6595,0,False,strict_endpoints_both_outside_never_inside_mask,1,no_exit_length_or_shape,False,0.0,False,False,False,335,326.0,326.0,566.0,566.0
False,outside,outside,0.0,False,False,min_track_length,6609,1,6609,0,False,strict_endpoints_both_outside_never_inside_mask,1,no_exit_length_or_shape,False,0.0,False,False,False,336,1127.0,1127.0,683.5,683.5
False,outside,outside,0.0,False,False,min_track_length,6637,1,6637,0,False,strict_endpoints_both_outside_never_inside_mask,1,no_exit_length_or_shape,False,0.0,False,False,False,337,506.5,506.5,575.0,575.0
False,outside,outside,0.0,False,False,min_track_length,6637,1,6637,0,False,strict_endpoints_both_outside_never_inside_mask,1,no_exit_length_or_shape,False,0.0,False,False,False,338,391.5,391.5,7.0,7.0
False,outside,outside,0.0,False,False,min_track_length,6679,1,6679,0,False,strict_endpoints_both_outside_never_inside_mask,1,no_exit_length_or_shape,False,0.0,False,False,False,339,393.0,393.0,89.5,89.5
False,outside,outside,0.0,False,False,min_track_length,6681,1,6681,0,False,strict_endpoints_both_outside_never_inside_mask,1,no_exit_length_or_shape,False,0.0,False,False,False,340,429.0,429.0,522.5,522.5
False,outside,outside,0.0,False,False,min_track_length,6707,1,6707,0,False,strict_endpoints_both_outside_never_inside_mask,1,no_exit_length_or_shape,False,0.0,False,False,False,341,700.5,700.5,89.0,89.0
False,outside,outside,0.0,False,False,min_track_length,6713,1,6713,0,False,strict_endpoints_both_outside_never_inside_mask,1,no_exit_length_or_shape,False,0.0,False,False,False,342,151.0,151.0,706.0,706.0
False,outside,outside,0.0,False,False,min_track_length,6713,1,6713,0,False,strict_endpoints_both_outside_never_inside_mask,1,no_exit_length_or_shape,False,0.0,False,False,False,343,156.0,156.0,682.5,682.5
False,outside,outside,0.0,False,False,min_track_length,6713,1,6713,0,False,strict_endpoints_both_outside_never_inside_mask,1,no_exit_length_or_shape,False,0.0,False,False,False,344,147.0,147.0,679.5,679.5
False,outside,outside,0.0,False,False,min_track_length,6713,1,6713,0,False,strict_endpoints_both_outside_never_inside_mask,1,no_exit_length_or_shape,False,0.0,False,False,False,345,126.0,126.0,663.5,663.5
False,outside,outside,0.0,False,False,min_track_length,6713,1,6713,0,False,strict_endpoints_both_outside_never_inside_mask,1,no_exit_length_or_shape,False,0.0,False,False,False,346,137.0,137.0,637.5,637.5
False,outside,outside,0.0,False,False,min_track_length,6714,1,6714,0,False,strict_endpoints_both_outside_never_inside_mask,1,no_exit_length_or_shape,False,0.0,False,False,False,347,5.5,5.5,313.0,313.0
False,outside,outside,0.0,False,False,min_track_length,6714,1,6714,0,False,strict_endpoints_both_outside_never_inside_mask,1,no_exit_length_or_shape,False,0.0,False,False,False,348,9.0,9.0,266.5,266.5
False,outside,outside,0.0,False,False,min_track_length,6730,1,6730,0,False,strict_endpoints_both_outside_never_inside_mask,1,no_exit_length_or_shape,False,0.0,False,False,False,349,1189.5,1189.5,628.0,628.0
False,outside,outside,0.0,False,False,min_track_length,6774,2,6773,0,False,strict_endpoints_both_outside_never_inside_mask,2,no_exit_length_or_shape,False,0.0,False,False,False,350,458.5,458.5,21.5,21.5
False,outside,outside,0.0,False,False,min_track_length,6791,1,6791,0,False,strict_endpoints_both_outside_never_inside_mask,1,no_exit_length_or_shape,False,0.0,False,False,False,351,1062.5,1062.5,758.0,758.0
False,outside,outside,0.0,False,False,min_track_length,6806,1,6806,0,False,strict_endpoints_both_outside_never_inside_mask,1,no_exit_length_or_shape,False,0.0,False,False,False,352,1108.0,1108.0,650.0,650.0
False,outside,outside,0.0,False,False,min_track_length,6842,1,6842,0,False,strict_endpoints_both_outside_never_inside_mask,1,no_exit_length_or_shape,False,0.0,False,False,False,353,1484.5,1484.5,504.0,504.0
False,outside,outside,0.0,False,False,min_track_length,6890,1,6890,0,False,strict_endpoints_both_outside_never_inside_mask,1,no_exit_length_or_shape,False,0.0,False,False,False,354,1054.0,1054.0,282.0,282.0
False,outside,outside,0.0,False,False,min_track_length,6893,1,6893,0,False,strict_endpoints_both_outside_never_inside_mask,1,no_exit_length_or_shape,False,0.0,False,False,False,355,139.0,139.0,778.5,778.5
False,outside,outside,13.04,False,False,min_track_length,6938,2,6937,0,False,strict_endpoints_both_outside_never_inside_mask,2,no_exit_length_or_shape,False,13.04,False,False,False,356,1453.0,1446.0,185.5,196.5
False,outside,outside,0.0,False,False,min_track_length,6937,1,6937,0,False,strict_endpoints_both_outside_never_inside_mask,1,no_exit_length_or_shape,False,0.0,False,False,False,357,1474.0,1474.0,210.5,210.5
False,outside,outside,0.0,False,False,min_track_length,6952,1,6952,0,False,strict_endpoints_both_outside_never_inside_mask,1,no_exit_length_or_shape,False,0.0,False,False,False,358,291.5,291.5,319.0,319.0
False,outside,outside,0.0,False,False,min_track_length,6953,1,6953,0,False,strict_endpoints_both_outside_never_inside_mask,1,no_exit_length_or_shape,False,0.0,False,False,False,359,835.0,835.0,539.5,539.5
False,outside,outside,0.0,False,False,min_track_length,6983,1,6983,0,False,strict_endpoints_both_outside_never_inside_mask,1,no_exit_length_or_shape,False,0.0,False,False,False,360,1340.0,1340.0,695.0,695.0
True,outside,outside,236.74,True,False,,7077,26,7052,2,False,strict_endpoints_outside_but_path_crosses_valid_region,24,no_exit_geometry_cross_only,True,263.31,True,False,False,361,694.0,832.5,575.5,767.5
False,outside,outside,56.82,False,False,min_track_length,7066,9,7058,7,False,strict_endpoints_both_outside_never_inside_mask,2,no_exit_length_or_shape,False,56.82,False,False,False,362,459.0,409.0,584.5,557.5
False,outside,outside,38.11,False,False,min_track_length,7174,3,7172,0,False,strict_endpoints_both_outside_never_inside_mask,3,no_exit_length_or_shape,False,43.12,False,False,False,363,224.0,260.0,668.5,681.0
False,outside,outside,1.12,False,False,min_track_length,7173,2,7172,0,False,strict_endpoints_both_outside_never_inside_mask,2,no_exit_length_or_shape,False,1.12,False,False,False,364,265.0,266.0,664.0,664.5
False,outside,outside,42.0,False,False,min_track_length,7174,2,7173,0,False,strict_endpoints_both_outside_never_inside_mask,2,no_exit_length_or_shape,False,42.0,False,False,False,365,222.0,264.0,642.0,641.5
False,outside,outside,0.0,False,False,min_track_length,7192,1,7192,0,False,strict_endpoints_both_outside_never_inside_mask,1,no_exit_length_or_shape,False,0.0,False,False,False,366,433.0,433.0,535.5,535.5
False,outside,outside,0.0,False,False,min_track_length,7208,1,7208,0,False,strict_endpoints_both_outside_never_inside_mask,1,no_exit_length_or_shape,False,0.0,False,False,False,367,420.0,420.0,777.0,777.0
False,outside,outside,0.0,False,False,min_track_length,7214,1,7214,0,False,strict_endpoints_both_outside_never_inside_mask,1,no_exit_length_or_shape,False,0.0,False,False,False,368,1292.5,1292.5,666.0,666.0
False,outside,outside,0.0,False,False,min_track_length,7239,1,7239,0,False,strict_endpoints_both_outside_never_inside_mask,1,no_exit_length_or_shape,False,0.0,False,False,False,369,481.0,481.0,516.5,516.5
False,outside,outside,0.0,False,False,min_track_length,7259,1,7259,0,False,strict_endpoints_both_outside_never_inside_mask,1,no_exit_length_or_shape,False,0.0,False,False,False,370,134.5,134.5,443.5,443.5
False,outside,outside,0.0,False,False,min_track_length,7284,1,7284,0,False,strict_endpoints_both_outside_never_inside_mask,1,no_exit_length_or_shape,False,0.0,False,False,False,371,429.0,429.0,540.5,540.5
False,outside,outside,63.7,False,False,min_track_length,7340,13,7328,11,False,strict_endpoints_both_outside_never_inside_mask,2,no_exit_length_or_shape,False,63.7,False,False,False,372,414.5,409.5,548.0,484.5
False,outside,outside,282.56,False,False,require_start_or_end_in_valid_region,7344,5,7340,0,False,strict_endpoints_both_outside_never_inside_mask,5,no_exit_gate_final,False,362.72,False,False,False,373,141.0,422.5,595.5,571.0
False,outside,outside,0.0,False,False,min_track_length,7340,1,7340,0,False,strict_endpoints_both_outside_never_inside_mask,1,no_exit_length_or_shape,False,0.0,False,False,False,374,403.5,403.5,555.5,555.5
False,outside,outside,0.0,False,False,min_track_length,7345,1,7345,0,False,strict_endpoints_both_outside_never_inside_mask,1,no_exit_length_or_shape,False,0.0,False,False,False,375,52.0,52.0,385.5,385.5
False,outside,outside,0.0,True,False,min_track_length,7346,1,7346,0,False,strict_endpoints_both_outside_never_inside_mask,1,no_exit_length_or_shape,False,0.0,False,True,False,376,485.5,485.5,764.5,764.5
False,outside,outside,0.0,False,False,min_track_length,7346,1,7346,0,False,strict_endpoints_both_outside_never_inside_mask,1,no_exit_length_or_shape,False,0.0,False,False,False,377,2.0,2.0,135.5,135.5
False,outside,outside,0.0,False,False,min_track_length,7346,1,7346,0,False,strict_endpoints_both_outside_never_inside_mask,1,no_exit_length_or_shape,False,0.0,False,False,False,378,8.5,8.5,98.5,98.5
False,outside,outside,0.0,False,False,min_track_length,7363,1,7363,0,False,strict_endpoints_both_outside_never_inside_mask,1,no_exit_length_or_shape,False,0.0,False,False,False,379,1334.5,1334.5,780.0,780.0
False,outside,outside,0.0,False,False,min_track_length,7366,1,7366,0,False,strict_endpoints_both_outside_never_inside_mask,1,no_exit_length_or_shape,False,0.0,False,False,False,380,390.5,390.5,262.5,262.5
False,outside,outside,0.0,False,False,min_track_length,7412,1,7412,0,False,strict_endpoints_both_outside_never_inside_mask,1,no_exit_length_or_shape,False,0.0,False,False,False,381,362.5,362.5,596.0,596.0
False,outside,outside,30.3,False,False,min_track_length,7422,9,7414,7,False,strict_endpoints_both_outside_never_inside_mask,2,no_exit_length_or_shape,False,30.3,False,True,False,382,375.0,356.5,757.0,733.0
False,outside,outside,0.0,False,False,min_track_length,7431,1,7431,0,False,strict_endpoints_both_outside_never_inside_mask,1,no_exit_length_or_shape,False,0.0,False,False,False,383,427.5,427.5,542.0,542.0
False,outside,outside,0.0,False,False,min_track_length,7443,1,7443,0,False,strict_endpoints_both_outside_never_inside_mask,1,no_exit_length_or_shape,False,0.0,False,False,False,384,1241.0,1241.0,581.5,581.5
True,inside,inside,0.0,True,True,min_track_length,7448,1,7448,0,False,strict_endpoints_both_inside,1,no_exit_length_or_shape,False,0.0,False,True,True,385,554.5,554.5,770.5,770.5
False,outside,outside,0.0,False,False,min_track_length,7509,1,7509,0,False,strict_endpoints_both_outside_never_inside_mask,1,no_exit_length_or_shape,False,0.0,False,False,False,386,447.0,447.0,502.5,502.5
False,outside,outside,0.0,False,False,min_track_length,7522,1,7522,0,False,strict_endpoints_both_outside_never_inside_mask,1,no_exit_length_or_shape,False,0.0,False,False,False,387,1011.5,1011.5,134.5,134.5
False,outside,outside,0.0,False,False,min_track_length,7595,1,7595,0,False,strict_endpoints_both_outside_never_inside_mask,1,no_exit_length_or_shape,False,0.0,False,False,False,388,676.5,676.5,54.0,54.0
False,outside,outside,0.0,False,False,min_track_length,7624,1,7624,0,False,strict_endpoints_both_outside_never_inside_mask,1,no_exit_length_or_shape,False,0.0,False,False,False,389,508.5,508.5,574.0,574.0
True,inside,inside,0.0,True,True,min_track_length,7672,1,7672,0,False,strict_endpoints_both_inside,1,no_exit_length_or_shape,False,0.0,False,True,True,390,378.5,378.5,690.5,690.5
False,outside,outside,0.0,False,False,min_track_length,7697,1,7697,0,False,strict_endpoints_both_outside_never_inside_mask,1,no_exit_length_or_shape,False,0.0,False,False,False,391,1049.5,1049.5,133.0,133.0
False,outside,outside,0.0,False,False,min_track_length,7719,1,7719,0,False,strict_endpoints_both_outside_never_inside_mask,1,no_exit_length_or_shape,False,0.0,False,False,False,392,1045.5,1045.5,134.0,134.0
False,outside,outside,0.0,False,False,min_track_length,7763,1,7763,0,False,strict_endpoints_both_outside_never_inside_mask,1,no_exit_length_or_shape,False,0.0,False,False,False,393,521.5,521.5,586.0,586.0
False,outside,outside,0.0,False,False,min_track_length,7764,1,7764,0,False,strict_endpoints_both_outside_never_inside_mask,1,no_exit_length_or_shape,False,0.0,False,False,False,394,1255.5,1255.5,565.0,565.0
False,outside,outside,0.0,False,False,min_track_length,7807,1,7807,0,False,strict_endpoints_both_outside_never_inside_mask,1,no_exit_length_or_shape,False,0.0,False,False,False,395,317.0,317.0,414.0,414.0
True,inside,inside,0.0,True,True,min_track_length,7838,1,7838,0,False,strict_endpoints_both_inside,1,no_exit_length_or_shape,False,0.0,False,True,True,396,493.0,493.0,732.0,732.0
False,outside,outside,0.0,False,False,min_track_length,7844,1,7844,0,False,strict_endpoints_both_outside_never_inside_mask,1,no_exit_length_or_shape,False,0.0,False,False,False,397,797.5,797.5,546.5,546.5
False,outside,outside,0.0,False,False,min_track_length,7870,1,7870,0,False,strict_endpoints_both_outside_never_inside_mask,1,no_exit_length_or_shape,False,0.0,False,False,False,398,860.5,860.5,531.0,531.0
False,outside,outside,0.0,False,False,min_track_length,7883,1,7883,0,False,strict_endpoints_both_outside_never_inside_mask,1,no_exit_length_or_shape,False,0.0,False,False,False,399,374.5,374.5,759.0,759.0
False,outside,outside,0.0,False,False,min_track_length,7914,1,7914,0,False,strict_endpoints_both_outside_never_inside_mask,1,no_exit_length_or_shape,False,0.0,False,False,False,400,1342.0,1342.0,696.0,696.0
False,outside,outside,0.0,False,False,min_track_length,7924,1,7924,0,False,strict_endpoints_both_outside_never_inside_mask,1,no_exit_length_or_shape,False,0.0,False,False,False,401,364.0,364.0,195.0,195.0
False,outside,outside,0.0,True,False,min_track_length,7942,1,7942,0,False,strict_endpoints_both_outside_never_inside_mask,1,no_exit_length_or_shape,False,0.0,False,True,False,402,672.0,672.0,584.5,584.5
False,outside,outside,0.0,False,False,min_track_length,7959,1,7959,0,False,strict_endpoints_both_outside_never_inside_mask,1,no_exit_length_or_shape,False,0.0,False,False,False,403,486.0,486.0,562.0,562.0
False,outside,outside,0.0,False,False,min_track_length,7983,1,7983,0,False,strict_endpoints_both_outside_never_inside_mask,1,no_exit_length_or_shape,False,0.0,False,False,False,404,422.0,422.0,466.0,466.0
False,outside,outside,0.0,False,False,min_track_length,7988,1,7988,0,False,strict_endpoints_both_outside_never_inside_mask,1,no_exit_length_or_shape,False,0.0,False,False,False,405,1341.5,1341.5,536.5,536.5
False,outside,outside,0.0,False,False,min_track_length,8024,1,8024,0,False,strict_endpoints_both_outside_never_inside_mask,1,no_exit_length_or_shape,False,0.0,False,False,False,406,112.0,112.0,313.0,313.0
False,outside,outside,0.0,False,False,min_track_length,8105,1,8105,0,False,strict_endpoints_both_outside_never_inside_mask,1,no_exit_length_or_shape,False,0.0,False,False,False,407,347.5,347.5,772.0,772.0
True,inside,inside,0.5,True,True,min_track_length,8149,2,8148,0,False,strict_endpoints_both_inside,2,no_exit_length_or_shape,False,0.5,False,True,True,408,437.0,437.5,715.5,715.5
False,outside,outside,0.0,True,False,min_track_length,8171,1,8171,0,False,strict_endpoints_both_outside_never_inside_mask,1,no_exit_length_or_shape,False,0.0,False,True,False,409,675.0,675.0,586.5,586.5
False,outside,outside,0.0,False,False,min_track_length,8187,1,8187,0,False,strict_endpoints_both_outside_never_inside_mask,1,no_exit_length_or_shape,False,0.0,False,False,False,410,393.5,393.5,90.0,90.0
False,outside,outside,0.0,False,False,min_track_length,8272,1,8272,0,False,strict_endpoints_both_outside_never_inside_mask,1,no_exit_length_or_shape,False,0.0,False,False,False,411,407.0,407.0,557.5,557.5
False,outside,outside,0.0,False,False,min_track_length,8290,1,8290,0,False,strict_endpoints_both_outside_never_inside_mask,1,no_exit_length_or_shape,False,0.0,False,False,False,412,375.0,375.0,476.5,476.5
True,inside,inside,0.0,True,True,min_track_length,8437,1,8437,0,False,strict_endpoints_both_inside,1,no_exit_length_or_shape,False,0.0,False,True,True,413,453.0,453.0,711.5,711.5
False,outside,outside,0.0,False,False,min_track_length,8507,1,8507,0,False,strict_endpoints_both_outside_never_inside_mask,1,no_exit_length_or_shape,False,0.0,False,False,False,414,362.5,362.5,757.0,757.0
False,outside,outside,0.5,False,False,min_track_length,8529,2,8528,0,False,strict_endpoints_both_outside_never_inside_mask,2,no_exit_length_or_shape,False,0.5,False,False,False,415,393.5,393.0,89.5,89.5
False,outside,outside,107.69,True,False,min_track_length,8551,9,8543,7,False,strict_endpoints_both_outside_never_inside_mask,2,no_exit_length_or_shape,False,107.69,False,True,False,416,405.5,510.0,738.0,764.0
False,outside,outside,0.0,False,False,min_track_length,8550,1,8550,0,False,strict_endpoints_both_outside_never_inside_mask,1,no_exit_length_or_shape,False,0.0,False,False,False,417,948.0,948.0,613.5,613.5
False,outside,outside,0.0,False,False,min_track_length,8608,1,8608,0,False,strict_endpoints_both_outside_never_inside_mask,1,no_exit_length_or_shape,False,0.0,False,False,False,418,1516.5,1516.5,296.5,296.5
False,outside,outside,0.0,False,False,min_track_length,8687,1,8687,0,False,strict_endpoints_both_outside_never_inside_mask,1,no_exit_length_or_shape,False,0.0,False,False,False,419,338.5,338.5,506.0,506.0
False,outside,outside,0.0,False,False,min_track_length,8705,1,8705,0,False,strict_endpoints_both_outside_never_inside_mask,1,no_exit_length_or_shape,False,0.0,False,False,False,420,421.5,421.5,2.0,2.0
False,outside,outside,0.0,False,False,min_track_length,8707,1,8707,0,False,strict_endpoints_both_outside_never_inside_mask,1,no_exit_length_or_shape,False,0.0,False,False,False,421,308.5,308.5,659.5,659.5
True,inside,inside,0.0,True,True,min_track_length,8745,1,8745,0,False,strict_endpoints_both_inside,1,no_exit_length_or_shape,False,0.0,False,True,True,422,486.0,486.0,736.5,736.5
False,outside,outside,0.0,False,False,min_track_length,8748,1,8748,0,False,strict_endpoints_both_outside_never_inside_mask,1,no_exit_length_or_shape,False,0.0,False,False,False,423,446.5,446.5,503.0,503.0
False,outside,outside,0.0,False,False,min_track_length,8854,1,8854,0,False,strict_endpoints_both_outside_never_inside_mask,1,no_exit_length_or_shape,False,0.0,False,False,False,424,370.0,370.0,7.0,7.0
False,outside,outside,0.0,False,False,min_track_length,8928,1,8928,0,False,strict_endpoints_both_outside_never_inside_mask,1,no_exit_length_or_shape,False,0.0,False,False,False,425,274.0,274.0,311.0,311.0
